contact_id,personal_id,email,phone_nr
1,1,rgerrie0@comsenz.com,244-189-7723
2,2,jdiiorio1@topsy.com,381-386-3759
3,3,agameson2@de.vu,466-326-2402
4,4,dfontaine3@theguardian.com,841-440-3166
5,5,cnulty4@yellowbook.com,514-817-2052
6,6,mlethcoe5@cdbaby.com,170-993-0386
7,7,lfaux6@tripod.com,754-135-6175
8,8,askirvane7@stanford.edu,363-955-4528
9,9,ftrew8@nhs.uk,865-262-3426
10,10,ggriffith9@ebay.com,516-294-5251
11,11,mgiacoppoa@deliciousdays.com,160-695-7780
12,12,jrasellesb@nymag.com,868-324-1514
13,13,wllopc@dailymotion.com,745-908-9999
14,14,hdigled@pinterest.com,800-121-5382
15,15,csoppite@artisteer.com,523-500-1694
16,16,sbaudinellif@go.com,556-188-6281
17,17,ssennettg@pbs.org,121-906-4646
18,18,hbodicumh@artisteer.com,597-744-9157
19,19,wfearesi@webeden.co.uk,600-813-8930
20,20,uricciardoj@seattletimes.com,106-773-9630
21,21,cjobbinsk@businesswire.com,520-846-0687
22,22,pmingassonl@topsy.com,944-282-7301
23,23,csansburym@sphinn.com,710-271-9534
24,24,llilleen@homestead.com,905-983-2076
25,25,wmcquaido@goo.gl,107-796-5602
26,26,dbetunp@yellowpages.com,641-236-0343
27,27,dgeffeq@mozilla.org,349-456-2070
28,28,mbeebeer@typepad.com,201-329-5294
29,29,fgatchs@miitbeian.gov.cn,392-539-5912
30,30,tassantet@geocities.com,815-755-9498
31,31,dfronseku@kickstarter.com,600-485-1377
32,32,zpattingtonv@cornell.edu,484-232-4250
33,33,akeppew@usgs.gov,747-640-3737
34,34,adewerkx@blogger.com,836-765-5204
35,35,bliebermanny@bigcartel.com,486-276-3096
36,36,bbirchillz@java.com,603-217-4001
37,37,qblackie10@usatoday.com,709-581-5396
38,38,lfaulkener11@squidoo.com,396-395-7553
39,39,keste12@eventbrite.com,772-236-0932
40,40,fsnelgrove13@ow.ly,364-120-2278
41,41,nthornebarrow14@cam.ac.uk,257-822-6773
42,42,mtreppas15@cnbc.com,989-178-6761
43,43,bmackie16@hp.com,413-107-1151
44,44,isills17@disqus.com,388-998-0389
45,45,tvanyutin18@studiopress.com,810-697-6523
46,46,glangstone19@statcounter.com,260-840-0397
47,47,deverill1a@cmu.edu,585-409-7884
48,48,fradband1b@whitehouse.gov,853-267-1568
49,49,ktopper1c@friendfeed.com,872-169-4376
50,50,abraben1d@cnbc.com,333-150-3698
51,51,cbrasse1e@sakura.ne.jp,157-170-6957
52,52,pupham1f@topsy.com,685-863-7515
53,53,wcobson1g@google.es,372-399-1957
54,54,enajera1h@mysql.com,496-783-6777
55,55,cleeves1i@sphinn.com,347-987-8930
56,56,elofthouse1j@posterous.com,252-210-9525
57,57,supson1k@trellian.com,627-451-8902
58,58,afransewich1l@theatlantic.com,575-675-8147
59,59,mjeckells1m@oakley.com,377-726-7015
60,60,rlorenc1n@addthis.com,419-947-6236
61,61,vchatain1o@odnoklassniki.ru,102-595-4715
62,62,wpowys1p@state.tx.us,438-505-7253
63,63,krounsefell1q@ow.ly,693-838-4836
64,64,cpippard1r@issuu.com,219-891-2971
65,65,dokane1s@europa.eu,423-577-1046
66,66,ebelcham1t@wunderground.com,414-392-1097
67,67,tbrounfield1u@bbc.co.uk,694-164-7863
68,68,lhackinge1v@dailymotion.com,891-121-3855
69,69,gnuton1w@posterous.com,956-577-7428
70,70,sspargo1x@php.net,799-674-2093
71,71,ostrickland1y@businesswire.com,763-639-3158
72,72,jbeccero1z@army.mil,456-198-3883
73,73,mmacbean20@boston.com,413-896-6283
74,74,jwhitworth21@earthlink.net,217-836-7577
75,75,falexsandrowicz22@de.vu,831-594-3114
76,76,rclail23@sohu.com,929-554-7995
77,77,cfounds24@microsoft.com,944-253-5970
78,78,gmcgettigan25@youtu.be,597-957-4484
79,79,ddocker26@mapy.cz,592-571-1703
80,80,mkennard27@google.ru,313-343-5863
81,81,emangham28@quantcast.com,735-985-4331
82,82,adennert29@wisc.edu,632-637-5483
83,83,bciciotti2a@moonfruit.com,518-464-2103
84,84,dferminger2b@about.me,613-974-7632
85,85,yberecloth2c@youtube.com,503-586-6523
86,86,colunney2d@linkedin.com,250-163-7288
87,87,iowain2e@cnbc.com,312-283-1382
88,88,aluberto2f@wix.com,547-675-0140
89,89,klohrensen2g@economist.com,210-227-0966
90,90,atarn2h@ehow.com,940-483-5980
91,91,slownsbrough2i@phpbb.com,182-781-0952
92,92,eblakesley2j@amazon.co.jp,582-499-7953
93,93,bpettersen2k@usgs.gov,535-392-6896
94,94,srothchild2l@google.com.au,489-465-8785
95,95,mgoggen2m@barnesandnoble.com,575-123-0095
96,96,dlivingstone2n@weibo.com,276-276-6342
97,97,zsign2o@g.co,977-974-5086
98,98,jmillwater2p@mozilla.com,287-610-6698
99,99,rtaplin2q@hatena.ne.jp,534-356-5436
100,100,gpapis2r@cnet.com,706-298-1238
101,101,dschutter2s@amazon.de,220-171-2460
102,102,lwallman2t@comsenz.com,894-318-6033
103,103,rjoney2u@europa.eu,707-492-5011
104,104,kluciani2v@netvibes.com,819-131-3018
105,105,sbalam2w@bandcamp.com,884-165-7996
106,106,phaberjam2x@harvard.edu,286-154-9443
107,107,skeneleyside2y@independent.co.uk,451-338-7671
108,108,lpaviour2z@constantcontact.com,958-647-8075
109,109,rminogue30@omniture.com,658-177-2071
110,110,glindholm31@gmpg.org,483-481-2157
111,111,atrundle32@privacy.gov.au,883-245-6358
112,112,bdufty33@bbc.co.uk,801-754-8106
113,113,baugar34@instagram.com,384-116-8627
114,114,tleaburn35@vistaprint.com,479-369-5695
115,115,gponnsett36@booking.com,766-345-2832
116,116,lsalack37@yellowbook.com,496-266-9230
117,117,rserchwell38@histats.com,708-738-5490
118,118,brubica39@microsoft.com,192-905-4304
119,119,crolfs3a@reference.com,134-923-4084
120,120,jlindner3b@netlog.com,122-827-6194
121,121,eabbatt3c@blogger.com,479-721-2835
122,122,fvanderkruys3d@mit.edu,927-684-3558
123,123,aluscott3e@godaddy.com,261-196-1426
124,124,scorden3f@usa.gov,886-247-4729
125,125,cicke3g@google.fr,294-765-3946
126,126,rlisimore3h@tripadvisor.com,480-541-4188
127,127,adunnett3i@i2i.jp,153-775-6904
128,128,smuddimer3j@dedecms.com,618-510-5726
129,129,wmarian3k@yahoo.com,804-541-3036
130,130,edrysdall3l@ucsd.edu,791-720-3010
131,131,lrothon3m@istockphoto.com,372-329-7772
132,132,jdodds3n@wisc.edu,153-838-2355
133,133,mcattlow3o@privacy.gov.au,638-205-3847
134,134,mmees3p@newsvine.com,146-445-0048
135,135,ashipcott3q@privacy.gov.au,414-868-8544
136,136,cdiess3r@earthlink.net,178-829-3116
137,137,dstleger3s@xing.com,243-242-9929
138,138,dupton3t@tinypic.com,654-768-9863
139,139,gbengle3u@hostgator.com,387-464-0557
140,140,teaden3v@google.com.br,904-828-3886
141,141,dmuslim3w@canalblog.com,218-782-0087
142,142,ibrunskill3x@blog.com,246-362-0031
143,143,gcolafate3y@dmoz.org,896-462-6274
144,144,acostley3z@arstechnica.com,664-587-6132
145,145,ljakobsson40@oracle.com,414-104-0208
146,146,mbuxy41@github.io,580-602-1005
147,147,rgrealy42@mlb.com,751-153-0752
148,148,gnesbitt43@zdnet.com,396-442-4418
149,149,kkimpton44@51.la,353-770-0330
150,150,gdowner45@netlog.com,863-476-9339
151,151,fshmyr46@tiny.cc,462-250-6416
152,152,ftrow47@businesswire.com,237-321-9180
153,153,enorridge48@narod.ru,734-916-5270
154,154,swimsett49@weibo.com,351-127-3338
155,155,fmccaghan4a@elegantthemes.com,906-829-2916
156,156,lwhittock4b@toplist.cz,669-798-5413
157,157,lyounge4c@indiatimes.com,961-549-8203
158,158,wparris4d@berkeley.edu,500-928-8800
159,159,vsloegrave4e@phoca.cz,465-955-1806
160,160,igoodhall4f@google.co.uk,368-188-9311
161,161,jmacinherney4g@jigsy.com,279-121-0280
162,162,fleary4h@dion.ne.jp,373-299-3440
163,163,amaddison4i@dmoz.org,365-138-4718
164,164,ncheavin4j@chicagotribune.com,893-964-6168
165,165,bowthwaite4k@google.cn,970-194-9153
166,166,hpopplestone4l@ucla.edu,374-344-3739
167,167,cverheyden4m@scientificamerican.com,893-724-1249
168,168,twoodbridge4n@weibo.com,456-683-8828
169,169,dstyles4o@ft.com,296-673-2085
170,170,ubovingdon4p@youku.com,112-711-5652
171,171,fgaitone4q@noaa.gov,635-345-7867
172,172,mpatten4r@nationalgeographic.com,462-127-9800
173,173,fdrance4s@princeton.edu,260-574-5838
174,174,cbowes4t@posterous.com,527-458-8048
175,175,zvakhrushin4u@skype.com,244-504-9050
176,176,dgriffiths4v@mail.ru,134-351-7279
177,177,omotton4w@weather.com,430-131-0649
178,178,eyerlett4x@hp.com,677-251-8642
179,179,mfluck4y@webeden.co.uk,395-601-1157
180,180,ptovey4z@umich.edu,205-435-6272
181,181,acottingham50@google.com,216-528-9995
182,182,bfarre51@smh.com.au,110-530-8119
183,183,mgoschalk52@sciencedaily.com,433-156-9249
184,184,elyle53@google.co.jp,598-584-9025
185,185,alecky54@mtv.com,896-524-2611
186,186,lfilasov55@delicious.com,539-341-3121
187,187,hmoffat56@buzzfeed.com,780-442-2709
188,188,ghesse57@hubpages.com,692-798-4089
189,189,bcaesman58@g.co,857-253-5110
190,190,tmingard59@whitehouse.gov,301-651-4316
191,191,baisbett5a@ameblo.jp,597-306-7355
192,192,kpresnail5b@wikipedia.org,909-175-8551
193,193,rperkins5c@foxnews.com,594-763-9592
194,194,rgribbon5d@psu.edu,542-879-1458
195,195,afidgin5e@businesswire.com,761-511-9031
196,196,cashmore5f@thetimes.co.uk,253-663-9794
197,197,vlindegard5g@infoseek.co.jp,911-896-2891
198,198,lbraz5h@slate.com,604-635-6052
199,199,erampage5i@si.edu,385-794-1721
200,200,jletessier5j@usgs.gov,705-950-4402
201,201,awillmetts5k@bravesites.com,378-765-1650
202,202,jboobier5l@pen.io,335-442-0042
203,203,semmert5m@ucla.edu,913-461-9784
204,204,ghaymes5n@webeden.co.uk,786-150-5985
205,205,jranklin5o@wisc.edu,361-328-5690
206,206,bmival5p@digg.com,161-247-0145
207,207,mcoverlyn5q@elpais.com,384-702-2098
208,208,wpaulet5r@vinaora.com,800-935-5471
209,209,dferne5s@people.com.cn,395-324-7029
210,210,acruwys5t@unc.edu,815-786-4158
211,211,kliverock5u@auda.org.au,616-251-2003
212,212,pcarey5v@amazonaws.com,231-994-4800
213,213,trockwell5w@hibu.com,734-257-9899
214,214,taynsley5x@telegraph.co.uk,314-688-7886
215,215,dtease5y@boston.com,887-615-8359
216,216,hdyter5z@smh.com.au,568-524-2376
217,217,vconeau60@sina.com.cn,308-458-4903
218,218,htrudgion61@japanpost.jp,764-876-4134
219,219,ccurl62@guardian.co.uk,934-272-9903
220,220,bbugg63@guardian.co.uk,541-475-7963
221,221,mburlingham64@live.com,534-974-7930
222,222,twincom65@oracle.com,329-481-5150
223,223,savramovitz66@cpanel.net,293-910-6928
224,224,dgerretsen67@twitter.com,133-629-6899
225,225,fmcvicar68@discuz.net,575-353-9090
226,226,amaine69@accuweather.com,112-217-4749
227,227,lalmon6a@foxnews.com,831-218-1852
228,228,mgurnay6b@unc.edu,726-672-0293
229,229,eboddymead6c@cafepress.com,920-869-6163
230,230,tmarples6d@hud.gov,318-235-5636
231,231,hragg6e@ucoz.ru,605-226-8257
232,232,rshortland6f@amazon.de,431-843-1776
233,233,jburchell6g@com.com,126-244-6531
234,234,asanches6h@hibu.com,348-123-9232
235,235,edavsley6i@nature.com,927-475-9280
236,236,cskellern6j@cloudflare.com,829-104-3561
237,237,sdeeves6k@scientificamerican.com,420-653-3202
238,238,rcordier6l@miibeian.gov.cn,766-510-6225
239,239,dlawles6m@cloudflare.com,993-376-0603
240,240,nnaldrett6n@is.gd,564-394-9662
241,241,vdougill6o@alibaba.com,981-992-7151
242,242,lproger6p@prlog.org,396-739-2092
243,243,erobbey6q@wix.com,139-164-4245
244,244,mwolstenholme6r@fda.gov,634-583-9079
245,245,dflann6s@dailymotion.com,735-885-5274
246,246,sjeffree6t@upenn.edu,945-420-8570
247,247,lfairest6u@webeden.co.uk,785-588-6630
248,248,jpirelli6v@usatoday.com,619-455-3220
249,249,snail6w@army.mil,226-515-1752
250,250,kandreucci6x@miibeian.gov.cn,132-723-9383
251,251,rvaliant6y@usatoday.com,723-722-8017
252,252,lsichardt6z@artisteer.com,404-683-2630
253,253,smagnar70@google.com.hk,383-607-2483
254,254,mfortnon71@wikia.com,481-806-7921
255,255,dlefevre72@wisc.edu,814-681-9234
256,256,araoux73@msu.edu,839-882-4274
257,257,lbarthrop74@a8.net,256-432-4741
258,258,plaurance75@upenn.edu,813-922-0423
259,259,mlanghorne76@tamu.edu,844-957-8237
260,260,bgruszecki77@cnbc.com,318-465-1421
261,261,rbidgod78@i2i.jp,902-500-8483
262,262,hurion79@hugedomains.com,361-273-1163
263,263,natherton7a@phoca.cz,792-467-6422
264,264,camthor7b@google.com.hk,280-830-4225
265,265,bhowchin7c@cnet.com,261-303-3879
266,266,jgonzalo7d@homestead.com,505-685-7018
267,267,bmckellen7e@jigsy.com,737-821-2963
268,268,hgozney7f@usda.gov,661-486-7422
269,269,aoganesian7g@europa.eu,104-972-3608
270,270,gtunnow7h@tripadvisor.com,118-811-0115
271,271,slaslett7i@edublogs.org,607-994-5229
272,272,rchallener7j@gov.uk,247-353-0446
273,273,lcassely7k@paypal.com,581-956-3387
274,274,lable7l@blogtalkradio.com,236-875-5453
275,275,ekew7m@bluehost.com,513-843-3680
276,276,pbiggerdike7n@sciencedirect.com,565-276-7931
277,277,gmcgray7o@posterous.com,892-675-1894
278,278,awimpey7p@mac.com,433-503-6226
279,279,mgregore7q@barnesandnoble.com,332-970-3033
280,280,rjentle7r@jigsy.com,107-806-4409
281,281,krego7s@stumbleupon.com,192-607-6779
282,282,wfollen7t@cnn.com,771-567-5288
283,283,kgarrat7u@cnn.com,401-217-3510
284,284,amcnaughton7v@meetup.com,319-407-8359
285,285,mrowett7w@list-manage.com,127-540-5788
286,286,sfeldbau7x@w3.org,211-772-4527
287,287,jzanicchelli7y@deliciousdays.com,370-383-0875
288,288,cdumberrill7z@chron.com,362-323-5817
289,289,mmokes80@buzzfeed.com,210-805-8267
290,290,kpechet81@miitbeian.gov.cn,373-530-4300
291,291,cmacconnechie82@admin.ch,516-134-5640
292,292,abaynom83@hc360.com,208-291-5792
293,293,jdon84@marriott.com,102-337-4516
294,294,epaulo85@pinterest.com,490-711-8783
295,295,dflay86@godaddy.com,231-441-1917
296,296,lgrandisson87@mysql.com,588-117-7647
297,297,amasic88@icq.com,688-267-5034
298,298,rmarcum89@infoseek.co.jp,118-999-4732
299,299,scanet8a@sciencedaily.com,992-325-2265
300,300,eewbanck8b@blog.com,752-157-6807
301,301,wmcmorland8c@sbwire.com,282-617-4728
302,302,rwhitham8d@hexun.com,987-452-4949
303,303,jcutchey8e@soup.io,822-921-8832
304,304,htremberth8f@chron.com,282-974-5288
305,305,tandriessen8g@abc.net.au,172-355-5589
306,306,vjeremiah8h@blogs.com,701-127-6243
307,307,bmatula8i@ox.ac.uk,778-778-3095
308,308,mtry8j@yandex.ru,499-193-3509
309,309,fgrigorio8k@gnu.org,354-866-6377
310,310,dovernell8l@ustream.tv,216-785-3723
311,311,materidge8m@latimes.com,629-344-9834
312,312,jdearle8n@domainmarket.com,777-893-9445
313,313,ctwinborne8o@merriam-webster.com,610-853-5205
314,314,mtomanek8p@wordpress.com,253-791-7869
315,315,rsaye8q@sohu.com,640-891-5966
316,316,xcahillane8r@cyberchimps.com,920-555-8952
317,317,fwhotton8s@angelfire.com,347-828-2570
318,318,oglenn8t@parallels.com,564-985-5269
319,319,lkosiada8u@skype.com,640-449-0352
320,320,hlazell8v@smh.com.au,566-532-1753
321,321,cbysouth8w@zdnet.com,688-662-2702
322,322,bfannon8x@sciencedaily.com,217-976-1232
323,323,fduguid8y@timesonline.co.uk,808-216-5871
324,324,akefford8z@about.me,591-837-6010
325,325,mpentelow90@state.gov,937-893-0529
326,326,askelhorne91@accuweather.com,134-799-4392
327,327,ehargey92@yellowpages.com,540-484-3221
328,328,tbreyt93@xing.com,210-400-9975
329,329,bwennington94@cmu.edu,608-186-9949
330,330,hlalley95@hexun.com,826-212-1027
331,331,mcribbins96@nsw.gov.au,404-534-8624
332,332,ccardoo97@pbs.org,111-186-4136
333,333,mgoodfellowe98@canalblog.com,553-139-3300
334,334,ciskow99@java.com,414-660-8447
335,335,rconichie9a@merriam-webster.com,821-604-1717
336,336,rbrunker9b@typepad.com,251-322-8038
337,337,bfilliskirk9c@mysql.com,930-322-2418
338,338,myakuntzov9d@example.com,190-959-7935
339,339,nmcmillan9e@linkedin.com,560-587-7400
340,340,cyitzovitz9f@howstuffworks.com,808-323-4312
341,341,adubarry9g@rambler.ru,197-144-5581
342,342,sreams9h@dailymotion.com,801-968-2116
343,343,mgascoyen9i@hostgator.com,243-505-3451
344,344,celloit9j@studiopress.com,111-857-7059
345,345,kfrill9k@forbes.com,205-345-0336
346,346,obroadberrie9l@geocities.jp,859-784-4514
347,347,gvossgen9m@blogspot.com,276-617-5372
348,348,lboycott9n@csmonitor.com,487-271-4246
349,349,bchaise9o@issuu.com,427-587-4086
350,350,itripett9p@cyberchimps.com,438-361-1830
351,351,agibling9q@go.com,900-380-0505
352,352,tpass9r@gnu.org,608-407-8158
353,353,rjoire9s@rambler.ru,300-689-4027
354,354,brennison9t@youtube.com,678-949-7584
355,355,mwilhelmy9u@pcworld.com,319-580-3291
356,356,rstive9v@cbsnews.com,831-887-4173
357,357,gdurnford9w@cbslocal.com,248-370-4163
358,358,amcmullen9x@si.edu,869-636-8295
359,359,cportman9y@i2i.jp,546-185-8039
360,360,farend9z@ihg.com,652-302-1852
361,361,wcronea0@reuters.com,809-714-9888
362,362,cpavlataa1@slideshare.net,827-469-6298
363,363,mwissona2@utexas.edu,962-466-6207
364,364,eoshesnana3@over-blog.com,444-262-3023
365,365,dmostena4@mapquest.com,849-930-7797
366,366,bbrunela5@phpbb.com,104-451-9427
367,367,tstledgera6@t.co,617-877-9389
368,368,blynocka7@youtube.com,627-798-3709
369,369,cansticea8@tamu.edu,337-422-7555
370,370,agarberta9@studiopress.com,228-702-7930
371,371,ufrostdickeaa@naver.com,624-156-5797
372,372,bjanczakab@telegraph.co.uk,815-631-6500
373,373,ibraidwoodac@uol.com.br,668-815-6335
374,374,cbarneyad@delicious.com,997-600-6218
375,375,kgammetae@dmoz.org,137-673-2811
376,376,kklempkeaf@npr.org,835-117-6470
377,377,joliveraag@apache.org,393-998-7130
378,378,rwhardleyah@dion.ne.jp,888-293-7097
379,379,srydingsai@dailymail.co.uk,454-365-7172
380,380,crolandaj@biblegateway.com,731-467-5528
381,381,jspallak@meetup.com,955-935-2128
382,382,gkuzemkaal@twitpic.com,359-637-6202
383,383,sablettam@constantcontact.com,910-600-1954
384,384,ncamingsan@nyu.edu,212-348-6061
385,385,srotherhamao@yahoo.co.jp,418-318-4934
386,386,hgoadap@liveinternet.ru,987-394-4975
387,387,rmatschkeaq@mail.ru,570-577-2579
388,388,jmoxsteadar@unicef.org,882-322-5259
389,389,ecurringtonas@va.gov,125-310-3362
390,390,smoatat@reddit.com,211-983-8030
391,391,dfeldsteinau@multiply.com,891-727-9647
392,392,lgresswoodav@squarespace.com,185-478-1339
393,393,smanvilleaw@nationalgeographic.com,690-265-0043
394,394,ckilfeatherax@vimeo.com,858-721-0971
395,395,bcrosbyay@phoca.cz,934-918-6544
396,396,nbatrickaz@4shared.com,892-437-8878
397,397,ltorbeckb0@bing.com,635-371-6491
398,398,dtomaszkiewiczb1@is.gd,234-997-2890
399,399,tfisbyb2@wiley.com,512-498-8782
400,400,aarnullb3@discuz.net,925-723-2008
401,401,lthackrayb4@newsvine.com,481-703-9673
402,402,stouseyb5@domainmarket.com,439-786-5818
403,403,lfrankishb6@epa.gov,221-739-2266
404,404,grakesb7@dailymotion.com,682-744-7755
405,405,ckristofb8@prweb.com,278-487-4418
406,406,draglessb9@linkedin.com,752-799-3548
407,407,lwattishamba@ask.com,369-248-4491
408,408,ohearonsbb@feedburner.com,821-698-2691
409,409,rrawsonbc@columbia.edu,885-602-9890
410,410,pdenisovichbd@amazon.co.uk,918-230-9208
411,411,hbruggerbe@google.com.au,891-903-3054
412,412,hhyndsonbf@myspace.com,859-919-0570
413,413,apriddlebg@sohu.com,522-631-9507
414,414,cantonionibh@ocn.ne.jp,614-523-5413
415,415,rdeleabi@elpais.com,187-904-4250
416,416,epraybj@homestead.com,466-324-4327
417,417,hdaddbk@unc.edu,558-764-3567
418,418,jskerrattbl@friendfeed.com,153-915-5133
419,419,dcreasybm@theguardian.com,138-707-0759
420,420,cpetraschbn@bbc.co.uk,221-507-1943
421,421,afranklinbo@techcrunch.com,415-872-9469
422,422,afleethambp@homestead.com,693-851-1913
423,423,dgreenleafbq@geocities.jp,230-889-4444
424,424,tedgingtonbr@who.int,153-225-6484
425,425,kkennermannbs@google.ru,391-860-5170
426,426,cmenziesbt@naver.com,347-869-0183
427,427,hsilkstonbu@eepurl.com,477-369-1043
428,428,gvallentinbv@stumbleupon.com,689-501-6450
429,429,oeggertonbw@latimes.com,424-258-5335
430,430,sgaynsfordbx@pagesperso-orange.fr,149-566-9012
431,431,jbarrettby@merriam-webster.com,754-922-4336
432,432,banstisbz@va.gov,249-226-0964
433,433,aconrec0@phoca.cz,794-905-1871
434,434,dswirec1@businessinsider.com,980-426-8410
435,435,ajimmesc2@wp.com,933-801-1733
436,436,lbrowettc3@ning.com,168-439-6003
437,437,beltunec4@npr.org,915-679-9992
438,438,amerwec5@aboutads.info,714-748-8142
439,439,lshipleyc6@seesaa.net,213-451-1508
440,440,cboutellierc7@washington.edu,614-399-4929
441,441,rbraidc8@cbsnews.com,990-863-0590
442,442,scallinanc9@nytimes.com,575-401-3151
443,443,mballstonca@dagondesign.com,880-392-0865
444,444,cklimowskicb@jugem.jp,407-341-6545
445,445,bhaleycc@guardian.co.uk,807-302-7219
446,446,eyeelescd@reddit.com,923-350-8501
447,447,dconnerryce@tinypic.com,639-642-4915
448,448,smaccf@moonfruit.com,237-185-3831
449,449,vcaustickcg@usda.gov,861-165-2570
450,450,tbradych@dell.com,581-335-5402
451,451,estephenci@privacy.gov.au,194-335-0539
452,452,kaldrincj@wunderground.com,567-221-9272
453,453,mharbardck@live.com,835-955-7391
454,454,dgaylecl@angelfire.com,593-552-4297
455,455,ecainscm@google.pl,731-225-8128
456,456,mwebleycn@flavors.me,651-886-8688
457,457,tsticklerco@vkontakte.ru,354-703-8089
458,458,fbisscp@biblegateway.com,556-795-1862
459,459,cwhissellcq@comsenz.com,258-473-8603
460,460,bsoanecr@sun.com,558-685-4156
461,461,esleitecs@cbsnews.com,743-765-2727
462,462,ldellortoct@netlog.com,237-216-7518
463,463,tgaveltonecu@yellowpages.com,577-659-9096
464,464,eraishercv@elpais.com,628-983-4912
465,465,vokeeffecw@smugmug.com,441-906-8983
466,466,cocurrancx@bloglines.com,623-469-9282
467,467,jlongleycy@mozilla.org,325-258-0150
468,468,hsieurcz@wunderground.com,232-793-9098
469,469,vdornind0@360.cn,124-883-6178
470,470,sevamyd1@cafepress.com,917-717-4652
471,471,ihaslocked2@seesaa.net,680-418-1678
472,472,lwisedaled3@jiathis.com,181-561-4522
473,473,mmarczykd4@cnbc.com,359-880-6164
474,474,ksheermand5@cloudflare.com,842-636-6117
475,475,vgaddesbyd6@mozilla.org,383-720-8565
476,476,anassaud7@cbc.ca,871-639-6403
477,477,rpinnockd8@exblog.jp,276-445-9016
478,478,iattewd9@usatoday.com,835-399-9921
479,479,jmceloryda@nps.gov,746-920-8089
480,480,rtealedb@com.com,813-266-1468
481,481,rtaylourdc@boston.com,410-235-9296
482,482,agisbeydd@mapy.cz,648-166-9212
483,483,gschusterde@biglobe.ne.jp,547-793-4924
484,484,gneubigindf@google.co.uk,684-147-9706
485,485,cmustoedg@google.co.jp,247-568-1301
486,486,bloachedh@mtv.com,458-137-7448
487,487,bgrinnikovdi@ebay.com,502-887-9101
488,488,rdaaldj@skyrock.com,373-466-0559
489,489,droothamdk@ucsd.edu,319-816-6187
490,490,minchboarddl@yahoo.com,338-198-5514
491,491,sdenecampdm@google.fr,734-172-8704
492,492,lschuttedn@noaa.gov,101-512-2623
493,493,saucockdo@ebay.co.uk,349-451-1434
494,494,ccallabydp@edublogs.org,745-459-8224
495,495,jconstantdq@latimes.com,469-516-0619
496,496,dproutdr@de.vu,310-649-6706
497,497,ikerfootds@usatoday.com,501-541-3144
498,498,cthaxtondt@domainmarket.com,599-886-8450
499,499,elecontedu@parallels.com,849-354-5499
500,500,mpepparddv@cisco.com,797-693-7623
501,501,lbarrowcliffedw@cam.ac.uk,959-673-2163
502,502,sgossingtondx@cnet.com,821-348-0657
503,503,smowsleydy@ask.com,342-424-0401
504,504,mhillockdz@squarespace.com,832-872-6277
505,505,pbeddalle0@imdb.com,603-414-0486
506,506,lcottue1@cloudflare.com,154-489-0850
507,507,lfossee2@wunderground.com,755-223-5780
508,508,nkilvingtone3@comcast.net,953-486-2421
509,509,avellae4@xrea.com,211-820-5703
510,510,xyitzhoke5@posterous.com,121-767-5354
511,511,imaghulle6@elpais.com,666-680-3943
512,512,tpetcheye7@1688.com,121-966-6065
513,513,pbadsworthe8@etsy.com,784-381-4963
514,514,wbalffyee9@youtube.com,968-336-6466
515,515,emarshalea@exblog.jp,430-206-4485
516,516,ktunneb@harvard.edu,288-820-1674
517,517,sklaasec@alexa.com,340-655-9495
518,518,jattewilled@tripadvisor.com,751-903-9762
519,519,awakesee@abc.net.au,211-660-9617
520,520,csturtonef@naver.com,922-537-3939
521,521,aandreazzieg@friendfeed.com,914-133-4033
522,522,nleviseh@linkedin.com,427-615-3205
523,523,lizatei@fotki.com,133-734-7347
524,524,klodderej@bbc.co.uk,807-772-3203
525,525,ffeaseyek@fda.gov,894-254-8195
526,526,bmcdonoghel@archive.org,944-933-1436
527,527,eshaldersem@xinhuanet.com,698-510-9798
528,528,jgilfoyen@oracle.com,131-800-6508
529,529,pnotoneo@apache.org,229-193-0251
530,530,kmurtep@hud.gov,468-472-6154
531,531,vbertineq@samsung.com,756-979-8738
532,532,flumberer@geocities.com,371-287-7729
533,533,ljorises@123-reg.co.uk,418-513-6126
534,534,scastanagaet@ucoz.com,628-600-8378
535,535,pgerriteu@usda.gov,118-871-5927
536,536,amenicombev@prlog.org,442-547-2490
537,537,jvreedeew@biblegateway.com,352-239-4905
538,538,fragglesex@disqus.com,809-835-6718
539,539,seltuney@de.vu,880-383-0517
540,540,lattfieldez@google.co.jp,594-132-1083
541,541,splumef0@wsj.com,969-839-2052
542,542,jlippattf1@cpanel.net,371-903-1997
543,543,bryanf2@chicagotribune.com,816-532-8038
544,544,rgeerf3@joomla.org,306-224-5938
545,545,aegdellf4@dailymotion.com,264-450-8380
546,546,hbownassf5@google.fr,361-911-5296
547,547,pwhetnellf6@wunderground.com,604-959-6731
548,548,winglesef7@squarespace.com,248-109-1496
549,549,mnewberyf8@china.com.cn,489-263-3091
550,550,meffemyf9@tiny.cc,413-995-6862
551,551,hbrehenyfa@marketwatch.com,841-515-0003
552,552,jsansunfb@fema.gov,800-420-3961
553,553,rabbafc@ifeng.com,400-620-2189
554,554,ematusovskyfd@behance.net,978-277-9674
555,555,dqualtrofe@wisc.edu,281-279-4364
556,556,dwreathff@bandcamp.com,340-267-8487
557,557,wneatfg@over-blog.com,317-283-0961
558,558,lgronoufh@usa.gov,430-703-2792
559,559,gvowellsfi@nsw.gov.au,369-519-6110
560,560,dgrattenfj@yellowpages.com,885-414-8143
561,561,galbertfk@foxnews.com,362-471-5266
562,562,ckemellfl@nyu.edu,257-452-1148
563,563,rlodingfm@oracle.com,478-528-7966
564,564,ekilbornfn@tmall.com,525-672-7438
565,565,dmalserfo@sun.com,797-795-0885
566,566,adunridgefp@amazonaws.com,202-845-2647
567,567,cmilsteadfq@scribd.com,962-619-6510
568,568,bcharsleyfr@intel.com,718-973-2933
569,569,propertfs@vistaprint.com,894-827-9792
570,570,espawforthft@kickstarter.com,597-338-3330
571,571,cteatherfu@dion.ne.jp,131-480-5896
572,572,jstrethillfv@ebay.com,391-822-7537
573,573,vshearmefw@google.pl,333-285-3675
574,574,sdeardenfx@ning.com,202-965-5102
575,575,vbrophyfy@vk.com,930-340-8926
576,576,glambisfz@nydailynews.com,561-662-6255
577,577,agemmellg0@simplemachines.org,415-490-5347
578,578,asuttong1@psu.edu,208-814-2526
579,579,rstearng2@sfgate.com,925-568-3694
580,580,scolteng3@addtoany.com,528-293-7641
581,581,cbiddlecombeg4@xrea.com,693-572-4471
582,582,btynang5@usgs.gov,621-735-3765
583,583,lbranchflowerg6@auda.org.au,682-429-7989
584,584,wlampingg7@google.ca,907-954-7075
585,585,ibleesingg8@fema.gov,514-367-0397
586,586,mpersentg9@hatena.ne.jp,266-241-5843
587,587,pburnyeatga@cmu.edu,535-462-2619
588,588,kmcgoochgb@1und1.de,924-851-9721
589,589,jbenziesgc@etsy.com,716-454-6915
590,590,ccaizleygd@ftc.gov,509-567-7156
591,591,squinellge@mapquest.com,284-959-1594
592,592,achadburngf@360.cn,797-118-1694
593,593,zwyldboregg@jalbum.net,710-272-4622
594,594,mwilsheregh@answers.com,855-450-9730
595,595,dmanthorpegi@yellowbook.com,141-769-8143
596,596,bnoodsgj@furl.net,556-606-8059
597,597,kcharongk@techcrunch.com,962-299-7973
598,598,gheightgl@feedburner.com,877-261-7319
599,599,mtabergm@bravesites.com,416-457-1492
600,600,tbrimfieldgn@weebly.com,510-923-6443
601,601,jeakingo@biblegateway.com,623-162-0258
602,602,zsweettgp@cornell.edu,549-848-5077
603,603,rbenmoregq@amazon.com,108-214-2665
604,604,zsibbetgr@g.co,812-415-0012
605,605,wbayfordgs@nbcnews.com,504-976-3810
606,606,mmathiasengt@blogger.com,119-941-2587
607,607,rrozecgu@dyndns.org,215-628-1011
608,608,icawtegv@gnu.org,737-657-7829
609,609,ycridlangw@deliciousdays.com,181-138-3442
610,610,cshermangx@npr.org,131-605-8420
611,611,dbatsfordgy@unblog.fr,224-991-1388
612,612,rsafellgz@sciencedaily.com,463-281-1233
613,613,ngroundwaterh0@stanford.edu,572-722-1907
614,614,iprosserh1@tinypic.com,852-601-3732
615,615,ipembryh2@google.de,757-488-5311
616,616,wdruitth3@360.cn,245-822-0103
617,617,dologanh4@wsj.com,625-483-4714
618,618,rcowtharth5@loc.gov,514-606-8610
619,619,lcowwellh6@reverbnation.com,614-986-3781
620,620,fhatleyh7@biblegateway.com,335-983-4090
621,621,mlovekinh8@vk.com,939-161-7919
622,622,kmaddocksh9@desdev.cn,720-262-8696
623,623,dgrimsellha@engadget.com,309-529-3979
624,624,cschoolcrofthb@si.edu,508-873-1213
625,625,rfaichhc@furl.net,853-673-0001
626,626,jtettersellhd@prlog.org,705-351-8162
627,627,jrowthornhe@google.es,944-984-3028
628,628,hbartoszekhf@xinhuanet.com,401-880-1706
629,629,fferenchg@typepad.com,541-417-2655
630,630,wclissellhh@cyberchimps.com,121-221-4606
631,631,dmcilriachhi@wp.com,753-631-1586
632,632,fsaffinhj@slashdot.org,906-701-2440
633,633,gcutmarehk@godaddy.com,544-222-0882
634,634,syarrallhl@mlb.com,860-465-9165
635,635,hakroydhm@quantcast.com,949-182-9115
636,636,pmierehn@blog.com,180-571-2185
637,637,rdebiaggiho@vk.com,557-905-9420
638,638,rcastlakehp@sfgate.com,217-173-3622
639,639,rlondinghq@meetup.com,754-694-2997
640,640,galentyevhr@cdbaby.com,277-971-2652
641,641,dtrimbeyhs@yolasite.com,737-389-9153
642,642,jkrzysztofiakht@mozilla.org,845-772-9393
643,643,tsofehu@si.edu,395-907-1694
644,644,faldiehv@taobao.com,239-694-4074
645,645,rbelverstonehw@comcast.net,518-475-2780
646,646,mtournerhx@washingtonpost.com,633-596-9398
647,647,nrottcherhy@phpbb.com,964-399-5896
648,648,jtuplinghz@blog.com,107-948-9704
649,649,wformi0@icio.us,934-427-7693
650,650,qcomfordi1@chron.com,203-571-1492
651,651,ealcocki2@jigsy.com,405-590-6657
652,652,smaccorleyi3@goodreads.com,749-313-6451
653,653,zhearnamani4@wix.com,129-754-7003
654,654,tramseyi5@example.com,671-928-3590
655,655,tspooneri6@furl.net,456-835-5535
656,656,mgiovannaccii7@nifty.com,112-850-5504
657,657,cdradeyi8@uol.com.br,866-783-4813
658,658,tharnetti9@msu.edu,993-292-9661
659,659,rschwiesoia@pcworld.com,261-665-7950
660,660,erenziniib@shareasale.com,631-706-5394
661,661,bdallingic@answers.com,776-264-4079
662,662,rreamid@wired.com,700-966-4957
663,663,jfigliovanniie@shareasale.com,453-498-7755
664,664,clobbeif@kickstarter.com,475-464-6167
665,665,aruddleig@naver.com,925-192-1592
666,666,eboltih@army.mil,212-900-3569
667,667,lgiraudotii@bing.com,776-845-3080
668,668,aprendivilleij@slate.com,443-309-6789
669,669,dtamasik@jigsy.com,633-155-9610
670,670,gphilippardil@issuu.com,438-641-4203
671,671,siwaszkiewiczim@nature.com,939-257-4856
672,672,dsansin@bbc.co.uk,479-440-1487
673,673,mchaffinio@wiley.com,525-283-2439
674,674,hhowsip@youtu.be,815-523-5648
675,675,echastneyiq@rakuten.co.jp,275-784-9123
676,676,aortigerir@craigslist.org,320-422-9097
677,677,fpardalis@who.int,449-188-6351
678,678,gmcbratneyit@cocolog-nifty.com,917-530-4150
679,679,scogariu@upenn.edu,126-704-8677
680,680,adominichettiiv@theguardian.com,236-697-1335
681,681,dscottingiw@jiathis.com,439-486-5996
682,682,gheustaceix@indiegogo.com,790-474-7852
683,683,kconnoriy@domainmarket.com,580-205-9031
684,684,dpurrieriz@instagram.com,222-190-8046
685,685,fbabalolaj0@topsy.com,857-514-2503
686,686,acalderonelloj1@boston.com,151-997-4383
687,687,gstothartj2@hp.com,209-556-7443
688,688,plaxenj3@geocities.com,558-396-6170
689,689,vcossomj4@tripadvisor.com,619-109-1067
690,690,dmartinovicj5@purevolume.com,413-543-5906
691,691,bsaggsj6@uiuc.edu,766-785-2882
692,692,cetockj7@posterous.com,136-225-6232
693,693,bdorkinsj8@example.com,810-884-1560
694,694,dlawlesj9@bloomberg.com,492-311-7541
695,695,cmillimoeja@state.gov,202-226-9226
696,696,plaughlanjb@narod.ru,238-215-6831
697,697,rpeizerjc@jugem.jp,653-814-9843
698,698,cbritchjd@hostgator.com,532-918-9302
699,699,ndallingje@netvibes.com,423-568-3345
700,700,gingerjf@nydailynews.com,535-610-8020
701,701,eburgotjg@apache.org,110-471-8429
702,702,ebucknalljh@shutterfly.com,990-463-2003
703,703,hpeddarji@ameblo.jp,660-815-6083
704,704,fdunanjj@hexun.com,356-690-9689
705,705,gcrampseyjk@alibaba.com,889-608-1408
706,706,rbennsjl@xinhuanet.com,145-722-1541
707,707,jlentjm@comcast.net,803-784-3536
708,708,swallwoodjn@redcross.org,896-409-5313
709,709,etimsjo@berkeley.edu,735-252-3202
710,710,kbrentnalljp@ihg.com,566-792-5649
711,711,hstoffersenjq@fda.gov,498-243-5498
712,712,edriesjr@gravatar.com,926-337-8724
713,713,dwebenjs@csmonitor.com,694-469-3555
714,714,santoszczykjt@blogspot.com,254-612-5022
715,715,eodhamsju@ehow.com,737-798-6992
716,716,amottershawjv@linkedin.com,583-869-2297
717,717,llukovicjw@salon.com,394-249-4527
718,718,nfiggenjx@discovery.com,963-107-8744
719,719,ppairpointjy@moonfruit.com,206-336-2063
720,720,pmapamjz@amazon.de,327-232-4817
721,721,mstoneleyk0@huffingtonpost.com,784-679-7239
722,722,rharkink1@icq.com,340-702-4954
723,723,rchadbandk2@stanford.edu,387-716-8567
724,724,rbaylissk3@cnbc.com,891-898-3201
725,725,dkuhlk4@comcast.net,243-991-2584
726,726,kcrotchk5@barnesandnoble.com,817-892-7550
727,727,ccrehank6@ucsd.edu,308-412-7175
728,728,pivattk7@slideshare.net,527-461-0127
729,729,gdizliek8@dot.gov,615-596-3987
730,730,nswyndleyk9@unblog.fr,890-635-8057
731,731,jbookerka@indiegogo.com,627-508-6268
732,732,aeisikovitshkb@marketwatch.com,844-358-9053
733,733,tmoehlekc@go.com,598-681-1979
734,734,dwilcekd@seattletimes.com,116-484-0913
735,735,kmellemke@edublogs.org,433-326-6182
736,736,kgetshamkf@google.com.au,842-259-2713
737,737,hberninikg@simplemachines.org,973-768-8462
738,738,gantonescukh@goodreads.com,412-775-8725
739,739,rsturmki@arstechnica.com,938-867-1747
740,740,ecourtneykj@google.de,367-507-0838
741,741,pscreasekk@vk.com,825-553-4034
742,742,qmccombekl@tinypic.com,586-551-4287
743,743,awhanstallkm@unicef.org,968-481-7439
744,744,aalbrookkn@simplemachines.org,503-455-8518
745,745,groggeroneko@reference.com,490-657-7483
746,746,hsawfordekp@uol.com.br,622-482-4134
747,747,mmylechreestkq@mashable.com,455-400-1963
748,748,varndtkr@cbslocal.com,966-866-5065
749,749,kstanfieldks@tumblr.com,638-953-0428
750,750,cmccormackkt@shop-pro.jp,618-281-1641
751,751,nleavesku@toplist.cz,933-295-6573
752,752,rhobellkv@google.ru,629-561-8830
753,753,jwhitenkw@squidoo.com,173-310-2562
754,754,khearmonkx@sina.com.cn,256-251-8542
755,755,epresmanky@spiegel.de,101-890-6541
756,756,aleeburnekz@google.ru,860-855-3385
757,757,mbroadberriel0@free.fr,645-611-4524
758,758,jelderfieldl1@kickstarter.com,233-844-6897
759,759,aeckartl2@yale.edu,512-442-0435
760,760,jmorseyl3@drupal.org,759-199-8771
761,761,wcolquetel4@homestead.com,701-133-6523
762,762,kphupratel5@spiegel.de,110-388-5134
763,763,lhoundsoml6@biglobe.ne.jp,565-629-6540
764,764,dstenningsl7@sourceforge.net,246-649-0757
765,765,imanstonl8@wunderground.com,787-744-9135
766,766,adwightl9@marketwatch.com,660-468-5467
767,767,otottemla@answers.com,241-357-5306
768,768,anorthenlb@tripadvisor.com,827-615-5588
769,769,bsiviterlc@networksolutions.com,181-979-0956
770,770,ssalkeldld@theglobeandmail.com,295-228-5394
771,771,fsonesle@typepad.com,742-618-2803
772,772,akropplf@dmoz.org,537-102-7596
773,773,cmixerlg@com.com,355-233-9568
774,774,kchildlh@house.gov,569-552-4814
775,775,eshillamli@g.co,736-208-2297
776,776,sryleslj@blogspot.com,656-854-6432
777,777,cobrianlk@vimeo.com,505-781-6024
778,778,dbaudinellill@reddit.com,156-473-6643
779,779,zcowelm@google.com.hk,401-323-0519
780,780,dlearnedln@shop-pro.jp,398-680-3874
781,781,bdelacrouxlo@tripadvisor.com,329-589-8847
782,782,mhurichelp@google.pl,444-727-4033
783,783,ddoudlq@nymag.com,554-131-3280
784,784,pmclukielr@berkeley.edu,808-879-3260
785,785,broserls@tmall.com,413-317-5945
786,786,cmcgooganlt@plala.or.jp,901-876-9393
787,787,dflannerlu@parallels.com,136-303-8739
788,788,jmccaylv@yandex.ru,194-226-8231
789,789,mkelceylw@merriam-webster.com,657-675-0013
790,790,dsawdonlx@hp.com,298-829-6552
791,791,erudely@freewebs.com,646-238-8404
792,792,toferrislz@sogou.com,517-215-5398
793,793,jtettm0@hhs.gov,222-408-7746
794,794,rteglerm1@cnet.com,994-349-1220
795,795,jstockportm2@google.com,934-853-8233
796,796,ndurdym3@zimbio.com,748-543-8165
797,797,casburym4@mac.com,403-973-6366
798,798,pbraunrothm5@edublogs.org,987-248-9066
799,799,mkiledalm6@psu.edu,654-300-3194
800,800,ialexsandrovichm7@weibo.com,995-663-3055
801,801,tleatesm8@csmonitor.com,793-370-3894
802,802,hthredderm9@oracle.com,141-302-5511
803,803,hstotherfieldma@blogs.com,238-413-4511
804,804,clyffemb@dropbox.com,599-371-7987
805,805,ajasiakmc@latimes.com,153-713-1032
806,806,tlittellmd@auda.org.au,784-311-7711
807,807,nbottme@sourceforge.net,249-838-3802
808,808,mlansleymf@cocolog-nifty.com,761-361-0807
809,809,yalibertimg@cocolog-nifty.com,431-396-9088
810,810,idunstermh@comcast.net,827-600-3443
811,811,egeraldezmi@infoseek.co.jp,254-768-3275
812,812,aodoughertymj@weibo.com,176-963-3816
813,813,amarshallsaymk@aboutads.info,480-141-7312
814,814,pgotfreyml@cyberchimps.com,844-256-5115
815,815,vroftmm@webnode.com,301-629-9134
816,816,mdellomn@home.pl,922-192-0732
817,817,dpetzmo@cafepress.com,594-714-6164
818,818,awaynemp@google.com.hk,419-392-1562
819,819,mfryermq@ebay.com,666-547-7219
820,820,rchaulkmr@mashable.com,431-933-0328
821,821,bwaszczykowskims@multiply.com,410-812-6300
822,822,ldowkermt@ebay.co.uk,728-727-1943
823,823,ahyltonmu@discuz.net,823-797-6778
824,824,kgreslymv@pinterest.com,788-426-1014
825,825,ndayermw@cbslocal.com,562-236-2383
826,826,nervinemx@reuters.com,651-252-2276
827,827,aspellicymy@oaic.gov.au,540-928-8388
828,828,hradleighmz@angelfire.com,398-830-2341
829,829,pdearnessn0@salon.com,206-933-0117
830,830,tjzhakovn1@comsenz.com,673-452-8051
831,831,gboughn2@webnode.com,982-279-3560
832,832,pdenacampn3@rakuten.co.jp,845-321-8326
833,833,mhalfordn4@ask.com,205-846-6423
834,834,dsherynen5@hao123.com,563-957-8265
835,835,aleadn6@usatoday.com,716-305-9153
836,836,slovelln7@yahoo.com,112-660-1616
837,837,jflearn8@diigo.com,930-605-9221
838,838,avanderbaarenn9@nbcnews.com,306-247-7226
839,839,tfanena@independent.co.uk,538-986-3878
840,840,cmacnellynb@patch.com,415-464-1591
841,841,lwilcotnc@artisteer.com,929-759-9896
842,842,dcoggingsnd@zimbio.com,852-101-8123
843,843,dlebarrene@nih.gov,830-732-3509
844,844,jcabannf@squidoo.com,754-651-8335
845,845,hmatteaung@ucoz.ru,424-470-7960
846,846,lpopovnh@mapy.cz,185-549-4414
847,847,jstittni@twitpic.com,421-554-6989
848,848,larpenj@weibo.com,414-261-7445
849,849,drougheynk@mysql.com,574-752-9607
850,850,dsnapnl@pinterest.com,312-363-0349
851,851,cmacknessnm@spiegel.de,412-812-3948
852,852,ekingnn@technorati.com,857-889-6858
853,853,hgilstinno@fotki.com,344-769-0274
854,854,ybatropnp@blog.com,586-748-5032
855,855,treasunnq@mac.com,592-356-1905
856,856,ifallensnr@skyrock.com,220-816-4422
857,857,gumfreyns@fc2.com,396-288-2088
858,858,adrysdallnt@upenn.edu,472-144-8121
859,859,abuckeridgenu@reference.com,340-897-5292
860,860,sbladennv@telegraph.co.uk,692-943-7659
861,861,atomeinw@a8.net,479-681-5238
862,862,rfearonnx@issuu.com,306-628-4577
863,863,pstubbeny@yandex.ru,476-953-5024
864,864,csabertonnz@unblog.fr,636-715-3027
865,865,pcaccavellao0@prlog.org,769-780-4392
866,866,bsheivelso1@usatoday.com,890-196-1029
867,867,ibuseo2@answers.com,563-196-5570
868,868,gluneyo3@newyorker.com,890-838-7470
869,869,gduffillo4@ocn.ne.jp,840-516-3913
870,870,mjenkisono5@yahoo.co.jp,196-571-8101
871,871,flongegao6@google.ru,900-811-9743
872,872,aklewero7@addthis.com,573-580-9902
873,873,singero8@intel.com,846-824-5510
874,874,sgrzegoreko9@cam.ac.uk,144-946-0105
875,875,prandaloa@instagram.com,501-596-8159
876,876,mgraeberob@uol.com.br,215-972-4007
877,877,brankinoc@businessweek.com,287-958-1438
878,878,rcowderoyod@spotify.com,831-342-4563
879,879,oposseltoe@reuters.com,952-801-0807
880,880,bbeesonof@wikimedia.org,775-165-8150
881,881,btealeog@oaic.gov.au,549-988-6764
882,882,ngavrieloh@cnbc.com,402-528-6141
883,883,bautonoi@seattletimes.com,591-354-6905
884,884,chadigateoj@bbb.org,232-872-2306
885,885,dbatterbeeok@blog.com,178-369-4629
886,886,nroddaol@ucsd.edu,510-236-8685
887,887,lbriamoom@ft.com,414-864-8844
888,888,gantonsenon@theatlantic.com,658-641-5463
889,889,ifaulconeroo@oaic.gov.au,235-721-9420
890,890,ccotteop@si.edu,325-772-7968
891,891,ccormodeoq@walmart.com,386-338-9144
892,892,dlammertzor@dot.gov,500-495-3078
893,893,ctwortos@naver.com,729-597-3065
894,894,cdiggonsot@about.com,693-447-9815
895,895,bhayseldenou@behance.net,499-194-0647
896,896,esievewrightov@com.com,696-138-3137
897,897,edegiorgisow@google.de,122-798-3122
898,898,khyneox@meetup.com,489-992-5298
899,899,gdaileyoy@ca.gov,825-188-2424
900,900,hkliemkeoz@discuz.net,797-139-4826
901,901,lrizzop0@marketwatch.com,966-193-0185
902,902,sadrianellop1@naver.com,784-978-4309
903,903,atroubridgep2@last.fm,503-694-5734
904,904,ufaganp3@miibeian.gov.cn,456-649-3329
905,905,lpetrasp4@weebly.com,986-639-0208
906,906,ptrattonp5@mail.ru,937-562-3978
907,907,mmasarratp6@dailymotion.com,230-909-5185
908,908,spostiansp7@trellian.com,481-310-4084
909,909,mheughp8@tuttocitta.it,596-200-1516
910,910,erewcassellp9@digg.com,494-507-0669
911,911,tgodsellpa@edublogs.org,551-218-7278
912,912,bswettenhampb@moonfruit.com,158-434-3623
913,913,cmacanelleypc@com.com,466-178-7402
914,914,tciciottipd@hc360.com,678-603-5831
915,915,abrewettpe@forbes.com,338-767-0944
916,916,jchesmanpf@ed.gov,542-927-8836
917,917,ncowpg@blogs.com,627-740-7346
918,918,fpapaph@addtoany.com,525-888-7726
919,919,hgadsonpi@bandcamp.com,990-209-6286
920,920,dlyvenpj@t.co,242-360-8869
921,921,mmacilurickpk@issuu.com,608-338-9848
922,922,djillettpl@mac.com,622-577-7391
923,923,bboskellpm@shinystat.com,684-137-7225
924,924,kjohnespn@msn.com,584-165-1412
925,925,gfrancescottipo@cpanel.net,620-357-8220
926,926,cvondrakpp@hibu.com,732-169-5742
927,927,cettlespq@weibo.com,596-808-2323
928,928,rscollanpr@walmart.com,985-336-3636
929,929,svenourps@chicagotribune.com,985-125-7927
930,930,hscullypt@trellian.com,547-986-6778
931,931,ndeschellepu@usnews.com,940-671-8028
932,932,eallanpv@instagram.com,662-418-1527
933,933,cpattrickpw@friendfeed.com,410-681-1231
934,934,bbesnardpx@rakuten.co.jp,580-642-0103
935,935,meskriettpy@irs.gov,570-563-1416
936,936,adunmuirpz@tinypic.com,347-305-8979
937,937,eseerq0@webeden.co.uk,793-561-2417
938,938,tdunnanq1@slate.com,188-904-5765
939,939,fmccaigq2@google.co.jp,287-783-5516
940,940,pgoodenq3@toplist.cz,924-632-6143
941,941,wministerq4@bandcamp.com,623-122-7993
942,942,dlateq5@google.ru,220-622-4760
943,943,cisseleeq6@senate.gov,295-633-2541
944,944,mbaumertq7@paypal.com,349-706-9923
945,945,iivakhnovq8@oracle.com,469-564-0863
946,946,esibthorpq9@unicef.org,956-823-2172
947,947,smclauchlinqa@europa.eu,468-734-0169
948,948,cthallerqb@imdb.com,399-624-5204
949,949,mmeadwayqc@woothemes.com,324-711-0967
950,950,earcaseqd@businesswire.com,662-474-8190
951,951,yroarkqe@mysql.com,341-459-7377
952,952,ymolianqf@discovery.com,599-861-4850
953,953,mbreartonqg@smh.com.au,556-353-3507
954,954,nbasezziqh@delicious.com,947-398-5254
955,955,levensqi@reddit.com,180-513-2445
956,956,eminorsqj@squidoo.com,518-273-4463
957,957,ftrewhellaqk@deliciousdays.com,756-638-6172
958,958,bdehmelql@go.com,209-689-9799
959,959,thargreavesqm@4shared.com,965-301-0645
960,960,bdealeyqn@cyberchimps.com,741-979-3218
961,961,alightollersqo@usatoday.com,744-835-6543
962,962,otuffreyqp@archive.org,850-462-8801
963,963,wteshqq@wisc.edu,941-787-9095
964,964,mkalkoferqr@histats.com,238-111-5633
965,965,loatsqs@ucla.edu,494-196-5541
966,966,fbleakleyqt@jugem.jp,480-833-8447
967,967,blowmassqu@chron.com,610-281-5891
968,968,peddowisqv@eepurl.com,148-268-2222
969,969,pmathonqw@naver.com,156-313-2466
970,970,bkurdaniqx@booking.com,246-402-4379
971,971,cpurdomqy@washingtonpost.com,158-974-2582
972,972,fsamsqz@intel.com,996-552-9524
973,973,ablainr0@last.fm,786-351-9142
974,974,sduseyr1@wp.com,357-706-8993
975,975,cgurger2@wordpress.org,426-707-8167
976,976,spaliar3@wikia.com,706-718-7587
977,977,pwithamr4@baidu.com,748-409-5377
978,978,jcollinwoodr5@examiner.com,381-610-9123
979,979,malbarezr6@edublogs.org,671-900-9558
980,980,apeepallr7@topsy.com,958-546-3236
981,981,ctugmanr8@slate.com,558-114-5771
982,982,rlandorr9@cargocollective.com,231-762-2263
983,983,iklemensiewiczra@businesswire.com,353-939-6621
984,984,mspeeksrb@comsenz.com,353-627-4627
985,985,jreynoolldsrc@angelfire.com,241-406-9424
986,986,tgillyattrd@ox.ac.uk,175-660-6301
987,987,tardernere@yelp.com,661-206-2513
988,988,golverrf@china.com.cn,231-337-4997
989,989,rnorthwayrg@comcast.net,253-597-4108
990,990,agairrh@trellian.com,922-600-0073
991,991,pgarawayri@a8.net,723-568-4043
992,992,tscoynerj@theguardian.com,778-259-0118
993,993,elittlerrk@umich.edu,528-144-6614
994,994,ksimsonrl@bloomberg.com,267-904-2792
995,995,bswiffenrm@quantcast.com,206-587-5876
996,996,lbranchetrn@ebay.com,132-592-5323
997,997,hnoadesro@ustream.tv,593-564-9081
998,998,ebernardinrp@imgur.com,782-517-0599
999,999,jcurzonrq@posterous.com,223-796-9320
1000,1000,jadrianrr@simplemachines.org,853-261-4326
