cred_id,personal_id,username,password
1,1,lheigho0,QSjtPt
2,2,tthams1,e8QXFcJikUWg
3,3,pfarden2,5p8g5HRAj79
4,4,dchelnam3,HRRbBCsufzYq
5,5,bgillice4,WdxcuDG
6,6,bpuckinghorne5,mvmJdmB
7,7,fbourton6,iNlQAJ
8,8,cthumim7,oeEbJtw39vJv
9,9,civy8,RHi8gwkho90
10,10,adunnett9,crCC4Ybom
11,11,rdiruggieroa,oLUoZttn0f
12,12,ljefferysb,ezTiPcYBvsQ
13,13,scourtonnec,rpMZKHtT
14,14,ggovinid,5QUPDg
15,15,crougee,Bq5Q5V
16,16,wsplainf,imS51JD7
17,17,lbillitterig,1dhZeWi
18,18,rrhoadesh,4U5Yp6t
19,19,jhinkesi,PNTE8Js9mxl
20,20,dizakovitzj,AZES7zevPTg
21,21,mebbettsk,e5ZduVK2MH3
22,22,alindenl,Wj6EaO4Gq
23,23,gcomiskeym,7jPah1X
24,24,cjensonn,CMANWRtGj
25,25,measbyo,c1PiDm
26,26,igaskinp,aJByOrSbN
27,27,edurningq,FBo5js0U
28,28,ndiroccar,Gn7qYmCXRZ4s
29,29,skemerys,NFtI3Jz5P
30,30,shefferant,FLOXxUxLRcuq
31,31,rharcourtu,XyCAfh
32,32,bclitherowv,jjm8N3
33,33,hwychw,A6PAkDXJh
34,34,kbillowsx,7DeBlv
35,35,fjacobsseny,uqFrJnGDPp
36,36,tsheldonz,r1HoqR
37,37,hgerardet10,4YHlbzs
38,38,vkeeping11,7fvAysZaC4HG
39,39,ghandling12,BihwJL
40,40,achadwyck13,Xw5UAhp3WV
41,41,wpering14,9KeKiO
42,42,rcoupland15,58eenAdEmxz
43,43,rbirchenhead16,GIdsQJizn
44,44,cparman17,ezwGWb
45,45,mgibbetts18,OFyFiC
46,46,varmytage19,ghcxCy
47,47,gucceli1a,qMiVCG
48,48,bstpierre1b,6gpSA3PfF3a
49,49,mchatan1c,Xut6ciDwdF
50,50,lproudlock1d,xhEupOvn
51,51,rgooding1e,y1WVMcDu
52,52,vfranck1f,xU2EFvBo2
53,53,hkeymar1g,GFrzmCIODE0K
54,54,aranscomb1h,tEq5yB
55,55,dwestphalen1i,qkzqqVnsz9
56,56,dbullas1j,pbuaE22Gcj
57,57,uumbert1k,fnoY8Cqk
58,58,agrene1l,PGNVohWgEEXs
59,59,afenty1m,7bMjevHn
60,60,zetteridge1n,6uOFDPmMFGUU
61,61,swennington1o,JQmlZWdY
62,62,eclimpson1p,H6bQ1TYo
63,63,dwalkowski1q,WDS4yCPWzpPE
64,64,ebister1r,dAaOjZ4FN
65,65,cpinnock1s,j8JTGE2M
66,66,vbeardmore1t,WoF9F0zO8
67,67,fverny1u,k4jkat8ctBEl
68,68,rmarjoram1v,0Sx4IIE57
69,69,dplowes1w,Ctn6Yph
70,70,cbatrick1x,7zfldwi9WuOD
71,71,larmin1y,nFg8fVZxH
72,72,klusty1z,BUZlXAcLKCHZ
73,73,nscarff20,aZXKo518J
74,74,ttemporal21,D49mqo
75,75,kmccaskill22,UkpNmoAY6tt
76,76,kelkins23,5aeuxckSn
77,77,fmorrall24,mNVrMC
78,78,ccribbott25,kMOPViOq
79,79,njerrard26,xTATUM46w5
80,80,lgomme27,vfTpg2uaF
81,81,tsmorfit28,yHZ7P9D7
82,82,icoveley29,uXikB3l
83,83,bwaliszek2a,JhBhN93V
84,84,cszymonwicz2b,yHKSjTN4Wwyq
85,85,kwilstead2c,nrSFc6wP
86,86,jdestoop2d,e6uebi
87,87,ngoodwin2e,NPO0ixJ
88,88,cshovelbottom2f,cMzQao
89,89,bcaple2g,IWmGWgtJu4Re
90,90,nrodders2h,k0rZ2m
91,91,cnesey2i,ZhzwJSr2RK
92,92,rtomasian2j,Yd2A9T8H
93,93,smacvain2k,21SokD
94,94,dweatherill2l,dqJV8aIy
95,95,lweek2m,GOIgo4
96,96,mfresson2n,WuRzdcaYSjKc
97,97,btetlow2o,eOcOxJ
98,98,dharbron2p,8FCxQwlnpWi
99,99,ssturley2q,Z8eTQmxRD714
100,100,aclipson2r,7GUdjrkv
101,101,aolijve2s,4rD1JtFj7
102,102,emacduff2t,bc5o51c6Dd
103,103,rlestor2u,O3RTB5kdp
104,104,ggatus2v,zumfX2aC
105,105,hanthonsen2w,osYYDMc
106,106,melwel2x,LROHUm1n
107,107,ejoselin2y,DoX6f9yrKgJj
108,108,msibray2z,EUmne5c
109,109,jcuff30,vSazChq8U0
110,110,aivakhnov31,vKNqFvRW
111,111,ccoe32,vg0p1Bf
112,112,atocher33,HPqSxQMTB0fm
113,113,thalegarth34,jpA5iA
114,114,mwolledge35,BCYbkUOwUEp
115,115,msollon36,rbH4rKUu
116,116,hthrelkeld37,Kkwb3uL
117,117,lpayton38,Z93HnL5bAm
118,118,dashling39,4sVkMV
119,119,vgrindle3a,XgOEunCapu
120,120,atelezhkin3b,nHQom2fTW4
121,121,dpetrovsky3c,H0hIJY06ftu
122,122,aruppert3d,NpID3l4f
123,123,hcuddon3e,onkvLwG2J0xd
124,124,eovenden3f,HVvIr2
125,125,kbanghe3g,LbCUoqcm
126,126,gcraghead3h,33Eg8K
127,127,sstuchburie3i,QmJsHar1CPA
128,128,cdesporte3j,HY3QeL
129,129,gkilligrew3k,wdB9Fq0J
130,130,cwitts3l,ZoaOIW3
131,131,fkatte3m,GIlkbFQ7
132,132,srasp3n,Bo2lJnANE36P
133,133,trosengren3o,nEUVzqg0S6B
134,134,calder3p,XEXLujxkU
135,135,adavidzon3q,QAkE4jraa
136,136,emcgrail3r,g14xV29Ikqd
137,137,vcheyenne3s,ad4JH0y4
138,138,rgornar3t,zCPxrTdpYyf
139,139,gcalloway3u,OkgOdY
140,140,zcrowther3v,cqWUDzvBP
141,141,gfarley3w,dPfYYf7Xdb
142,142,hshillom3x,oRr2KSzCOGRc
143,143,bbooty3y,4kDjA9BCWCo4
144,144,mpeedell3z,GTyPZbA
145,145,tchilderhouse40,KeOH9M
146,146,kwestrope41,k4fnjw6phfI
147,147,fnelthorp42,6xTVoEET
148,148,mlearmont43,WzfZ6of9hYH
149,149,spaten44,ZnrfFb
150,150,cgoldster45,V42uppbn7IrG
151,151,rgard46,H8uZPE
152,152,mgreated47,rbQt25Ny4c
153,153,rbaynard48,iTwvrhnS
154,154,clarwood49,y8Upy2
155,155,myerby4a,2laUInAs
156,156,gjoselson4b,1FrGtD
157,157,pwimmer4c,92dQVbLuQef
158,158,elazenbury4d,YiqkDCX
159,159,ebrigstock4e,ruC2GtH5gaf
160,160,dobell4f,NZ0lFB
161,161,atwopenny4g,XWfcXEH
162,162,eemanuelov4h,FSnEh1tDYG3i
163,163,gegre4i,n0KYDmRxFnz
164,164,wcovino4j,tZL7GN9JnH
165,165,fgrzelczak4k,Ue7Q4KNKm
166,166,achartman4l,Hm18KFq
167,167,rardling4m,Mmsuxz
168,168,uwollaston4n,aKb75PsaA
169,169,shaselden4o,evEuD5GMM
170,170,lcompfort4p,n6lyIDmOhpg
171,171,telloway4q,Cb02cA
172,172,tharner4r,eZDbpVkw
173,173,avasnev4s,G1SjRGX
174,174,afluck4t,C0uUhit
175,175,dkeating4u,tdd904isKswL
176,176,sletten4v,65yW4T
177,177,dwahlberg4w,yhasWAOyeVTR
178,178,kdods4x,W6zhxYZX
179,179,rblinder4y,bSt1FbjH
180,180,epilkington4z,5JYR86
181,181,eaxleby50,WJn3NgkLugpc
182,182,jovey51,IqU4x1r
183,183,eserrurier52,haNict4
184,184,hsalvatore53,sfCC7Yy1JBm
185,185,ifoddy54,XLsmHIms6M
186,186,nhawarden55,l1U4cxr
187,187,dscudders56,uMUHqFiqO
188,188,mlamberteschi57,ReH8hi
189,189,wsacker58,fqcRxPNFO
190,190,edevil59,MoCYCdjpEN
191,191,nkneel5a,zn48C9Dm
192,192,bcottel5b,g2DDrg
193,193,ptench5c,rtif5o
194,194,kbromilow5d,xKZCwOY
195,195,chofer5e,SWEAqYPe4i1S
196,196,vmayze5f,blEFrfYQBWHj
197,197,fkunz5g,M5MT6sg
198,198,bshepperd5h,PIRz3YFodkS
199,199,mmeardon5i,f4uOEZ9b95s
200,200,kcajkler5j,QuC0PymEgSC
201,201,thorley5k,c9SbxZ
202,202,jbean5l,p6w72xur
203,203,cfeathersby5m,YHWdtrl3lr
204,204,ssearsby5n,7YevdJygE
205,205,rbodle5o,qvHJ3JDAJ
206,206,lgerrietz5p,AspWdtXPu
207,207,bstukings5q,FxePDM7N
208,208,egeach5r,BBc7uLscjgRC
209,209,chounsom5s,0fO1Hdj
210,210,ktreuge5t,Yu38uTZ
211,211,fbebis5u,PZTbWLsZ
212,212,omcgoon5v,Ut6dWVNdEU
213,213,pgiraux5w,urQ7VR
214,214,nleece5x,xfsOMZ8vW6mG
215,215,apfeffle5y,Kej8ZynCh
216,216,sholborn5z,XyXjFlL6w8
217,217,hbissell60,kZ6wFz
218,218,arisebrow61,Hg5g8oknIB
219,219,ldeschelle62,9S3xHxOG
220,220,cclouston63,r75TZ2cZ
221,221,aprangley64,kXV1llknB
222,222,bgrebert65,ey8Ctd9ny
223,223,psantos66,SKrLNT9pEhs
224,224,kgoodhay67,rVUfmIhc1j
225,225,grockhall68,sJo06ZYS3fhI
226,226,dbabb69,WwuzwnKTw
227,227,cdurran6a,oEa1vqRZpuLe
228,228,sstickles6b,y4DZyB
229,229,mfried6c,PvdJhAt
230,230,bsanthouse6d,4ttaTBBi61t
231,231,aeilhart6e,eepexBG
232,232,zrothert6f,Wo8WlJyNR
233,233,dverna6g,j41JzOzgaKJ5
234,234,clissemore6h,ELFzszKU1v
235,235,pdowyer6i,W0YE228
236,236,rroskruge6j,kKbUtLj
237,237,wfernehough6k,ptWdgb66863
238,238,gmatterdace6l,WMBGtYjqAwX
239,239,mbirbeck6m,hGERRin
240,240,ebains6n,vxSEe2
241,241,cvogel6o,q8zmPasGlW7
242,242,rmarklin6p,v4PgID51
243,243,kvertey6q,jQnZMG
244,244,tfarquhar6r,ids9W1
245,245,awoolpert6s,N98WI6kXoHE
246,246,jruckman6t,zoXqTDr7IVII
247,247,kpoile6u,Sw5lyP
248,248,kledbury6v,5iYHbJP
249,249,afrankiewicz6w,nCKqL9ppdPM
250,250,sgore6x,TV5B4Pg
251,251,dcaskie6y,iBmv36kjS
252,252,cbilofsky6z,YdfFCSlRyf
253,253,kyetton70,SXjMlitF
254,254,asproson71,4ZiSsC7
255,255,nsympson72,pPV0yVeapac
256,256,tmulder73,uwXf7gJs6i
257,257,ssilly74,bsdE8UA9y
258,258,pfaircloth75,KxRE6qa
259,259,ccarratt76,nhnm2OvSj
260,260,scourtese77,QVSPPNiAVuR
261,261,dpecht78,hdA0qhLOvFiF
262,262,aeggleton79,IP71kLbF
263,263,shawkey7a,38Yzo7
264,264,mkatte7b,NYryoXznFL
265,265,gkleinstein7c,MzcBu2Y
266,266,csabbin7d,PKz54Tprk
267,267,wugoni7e,UMlPt0IKU09k
268,268,gwannan7f,zTdmTPGKjz
269,269,akeld7g,OqGZSn7zKH
270,270,ldiffley7h,J8khbonF
271,271,jaskin7i,3cYJNpd
272,272,rleyland7j,dsE0waLuS
273,273,gsouten7k,Rw0YknPmbQsV
274,274,ewintersgill7l,E5YFtW
275,275,smacclure7m,ZBPjded
276,276,mjanu7n,Ri5XPKse
277,277,kblanko7o,qkKRkYl2
278,278,roland7p,heKZ3sk
279,279,rvicary7q,48MBPjz6a
280,280,jsteketee7r,ycGkivxAGff6
281,281,dhestrop7s,yXDjFxMnT
282,282,rjuleff7t,A42HH6A2
283,283,krennebach7u,fwCfgb65sR
284,284,kcorington7v,V6g2Ie2DAHBK
285,285,bdomengue7w,UpifujqxWh
286,286,jmacknocker7x,utHPGG1QTq
287,287,mhealings7y,jGDWuICXSf0
288,288,tsweeney7z,CTB36WN9
289,289,bblaycock80,KQPXlc47NZLX
290,290,mphilipsohn81,MxzNrGYfC8ve
291,291,oamesbury82,UvrdaPm8Zn
292,292,cmartignoni83,SsEAkLSdlMUS
293,293,tsimoncelli84,AewrC3
294,294,valekhov85,RbiyJa
295,295,zshipcott86,cLyiYG88K
296,296,cmapston87,MWhJo9j2cOQP
297,297,aneighbour88,7qMZdXfFB
298,298,bfrensch89,d2kVvYUao
299,299,ckaliszewski8a,JEqueOTCAmi
300,300,akemme8b,Uzb7EJm
301,301,sgrinvalds8c,0V8y7lBHBZu
302,302,wmertel8d,hCk9588U
303,303,atoleman8e,2WPUvJvq
304,304,jsidle8f,8RY3UeVz9
305,305,earne8g,ona9vFguB4
306,306,kkroon8h,YhGOukb
307,307,sfryd8i,vPnMMNC21y
308,308,rtotton8j,DNx2P79qDu0
309,309,aleggat8k,wj3wsOlcquT
310,310,mvanweedenburg8l,UeA6SZ
311,311,bdudson8m,GY7c9AKY
312,312,rorsman8n,RDTQvPf
313,313,dmaso8o,v1BQAvP
314,314,kgornal8p,RPj1ly
315,315,eblakiston8q,Uw7WJN
316,316,asprague8r,qftfW64
317,317,amounsie8s,nhV8Zy
318,318,hduigan8t,zqJKyr5rua
319,319,ffairholm8u,83p7k0Tw4qM
320,320,rpadefield8v,luquJGaA5Y
321,321,benticknap8w,eBsO7R9QSQMw
322,322,chartwell8x,NzQ28iz
323,323,sfortnum8y,1ZBlV8endQs
324,324,rscay8z,AQCGLzM0p
325,325,bduffitt90,3z6VhpnhedVJ
326,326,knewe91,80HD3m0
327,327,vjersh92,d9BtDA
328,328,ggrowy93,G5HeM7
329,329,dduester94,RU9CdAB943B
330,330,sdeener95,znubB1BHceVC
331,331,ggulland96,tNpG4MOn0l
332,332,zletch97,cKv6Au6I38b
333,333,ccamell98,fYohicB3AL
334,334,kbett99,lPb6Gxh7Tr
335,335,mmargery9a,L1NGFIt
336,336,calcorn9b,TE3Pa6UG99f
337,337,nbelk9c,Hd6SfdwkKb
338,338,kbeamond9d,HYedZnjE
339,339,vmarchington9e,r5YJ6V5u7Z
340,340,azorro9f,upt9Ylyd
341,341,ryurinov9g,vcPVNfGGQcC
342,342,ajermy9h,3GIiJs6y0
343,343,narmitage9i,tphp1EOYD
344,344,abraycotton9j,ArKQ9TcJx
345,345,wbellenger9k,9opAaW
346,346,dwroath9l,xSkIQ2iK2G
347,347,kdenkin9m,PVNQsUgtR
348,348,aclemon9n,1r9IOJ6
349,349,gsangwin9o,amIlZ4ref5y
350,350,bmclenahan9p,5GDnT6yj
351,351,abear9q,iFMbqCc7vqa
352,352,ipennells9r,mnwHMF
353,353,emacek9s,GYVn0P
354,354,mhennington9t,LJWZkcZ
355,355,tpersicke9u,4tjX6osS
356,356,aabbets9v,8KMSUsFwE
357,357,nfortescue9w,mfeoL1sVI
358,358,abener9x,CAgRv8l5Num
359,359,jbramwell9y,5Z5hLtWf88
360,360,owooder9z,xNG6ag9
361,361,rbristowa0,Zdsy8cJx
362,362,aclerca1,blm3tcII
363,363,tmaddoxa2,EBK0el
364,364,mmonnia3,xOJ1aMW
365,365,gkornalika4,iDFQ1J7hA
366,366,mslinna5,Kkwrgnr
367,367,bdallona6,BbuDwI7l7
368,368,ewilkissona7,5jkl6P
369,369,mblacketta8,zJRb7Q9
370,370,cmackailea9,KHLe6I3U
371,371,mmertschingaa,vFJUScuWo
372,372,egirodierab,5mAVA2LZNtX
373,373,kmurbyac,3d0lnn
374,374,atillardad,oZknmaG9
375,375,wcripleae,WxXArj
376,376,tklusaf,6tvQGEkaaYiI
377,377,rhasseyag,X4ACjn
378,378,msavineah,wDv83LsMk
379,379,gdavidoviciai,GzTzFYoNnrn
380,380,nedgworthaj,0AijXyuAS5gJ
381,381,bhughesak,J55ZgkU4
382,382,nphythonal,KLFSzQ74VU
383,383,cberringeram,ttq14Mf
384,384,adorwardan,BAbvdyzz9
385,385,jmckyrrellyao,NkAz6vU
386,386,rknevettap,werlq6J6Kf
387,387,elaverackaq,Qt0qdrk
388,388,dhuear,A5mFdCKh
389,389,wakersas,ZrTkZBv
390,390,veberstat,oNeJEGIcvo
391,391,writchmanau,Vp3YDG
392,392,flonghorneav,D2LUs00
393,393,dbaseaw,iz7rBwbH6vB
394,394,tpatroneax,phxEx3WVggaq
395,395,ohoughtay,uZvewdu
396,396,fkleinsingeraz,EbbKVIolfyZq
397,397,zlesieurb0,7SOp7CD69x
398,398,oveneurb1,n6EUdAWmQ
399,399,jdrysdaleb2,cYc511J6
400,400,wtaleworthb3,DRZHY6WaZq
401,401,hsimoniteb4,Bx556R64uDe
402,402,jcormackb5,5vvUJzO2jS9
403,403,kvaslerb6,ffsev39IW
404,404,aogianyb7,o2bsbfhq
405,405,dgritlandb8,v6YdVaEDZ
406,406,cbasireb9,KmaQUL0g0W1
407,407,lwhildeba,SOSa7i
408,408,mverryanbb,lhebTZ1
409,409,wstrelitzbc,rNfEuDB
410,410,ahagartbd,O1rzYx2ZfeQ
411,411,mmillandbe,CgVImbaXKmY
412,412,lmalsterbf,ZDzkLxdp
413,413,thapsbg,aDlsMwa
414,414,jganniclifftbh,f4MB4a
415,415,slarkingbi,lCnHUNhl
416,416,aolwenbj,RvbuXC4iSI
417,417,ytardiffbk,UbN5JOxPH
418,418,ataffarellobl,imYxWLDJIJj
419,419,mhearlbm,lNBo9r
420,420,abriatbn,u6xWb80K4ddu
421,421,tbossebo,zy8Du3uyf8
422,422,hraubp,IgsZk5yT4KC
423,423,kwinmanbq,3JPUmEO
424,424,aswappbr,eZlTcVQ
425,425,kmirandabs,zNQpRB5
426,426,sduggonbt,prq6gnWQ9a
427,427,blawtybu,yB7bDYQ
428,428,emcsarrybv,hzKJgikmIH5
429,429,scroneybw,m1sTwSIC0IUS
430,430,rcockbx,YuLyRlX
431,431,vbrandhamby,83my8fi
432,432,tsoughtonbz,a2C1kIfpY
433,433,aknapperc0,cFYPm6
434,434,irubinshteinc1,Qh2DZ1LATtAP
435,435,rconochiec2,x8a8W9uuF
436,436,csternc3,loglbZnVCzq
437,437,mbrunescoc4,EOjGhz8UP
438,438,jabaroughc5,7eHL7Bs5Vhcm
439,439,btunnoc6,JkJjj8G2
440,440,smccurlyec7,r0Ho1vFZz7k
441,441,dmilnec8,T152TpI
442,442,akorbc9,V1g7aT
443,443,wblaikca,Tf09LwBavIQ
444,444,csuddickcb,Vwk2LMsI
445,445,dmcillrickcc,PMyMgo8
446,446,gporteouscd,RpPklc
447,447,xwynettce,wKdaMedFrn6t
448,448,vlarchiercf,1bDJX5w
449,449,vdruittcg,AXDHHKvwbQkv
450,450,nslevinch,DkoPO697XgHb
451,451,jyokelci,1lZUYWZC4
452,452,kpriestcj,jBvZRMpDX
453,453,dduckwithck,FBs8RAN9D
454,454,njedraszczykcl,9bZwZ8xvD
455,455,borgeecm,UR2T4fYxKR
456,456,ldollcn,0kRI95pBAHBU
457,457,hbaudreyco,AzTRYvNKVSFA
458,458,tbricknallcp,1mzpDqCHLrPh
459,459,mjeenescq,voe04bHK
460,460,cgrigoronicr,01dMRYi
461,461,kpittscs,de6Iz6TKkx
462,462,scurmict,AvWlDnXu5W7Q
463,463,cfriddcu,JM9V9EcjJ
464,464,lpinnockecv,3jezOJkqY
465,465,jgoulstoncw,PKlPMGE
466,466,sbiddercx,TdMrS3VXh
467,467,kluttoncy,WQrfDr
468,468,mdalgardnocz,7OUIyCmbaU
469,469,jseelyd0,wgfHEP
470,470,spresideyd1,NfLGMlw25
471,471,hebertsd2,igQIJV
472,472,ljoburnd3,fvnahmt
473,473,jnortond4,lACsfGvNF
474,474,rkemmetd5,BG1G9rSTgbW
475,475,nryried6,xc9ISGia
476,476,spadghamd7,VZltfqa0EV3
477,477,kborghesed8,J22yREPWsHf2
478,478,cdabbesd9,L44VmQ
479,479,tboultwoodda,jg2gKn86Y3
480,480,wbernardinodb,kTj9WlNum0F
481,481,cgummorydc,yA946HcD9dL
482,482,gstanerdd,RiN7K846Gn
483,483,bwydde,v5eWNc88qR
484,484,rbleimandf,5hmDTp0coe
485,485,kwanelldg,ohzH8REMijN
486,486,wvanlintdh,tpwB1F
487,487,gwhetherdi,XtloM480
488,488,gcorainidj,AvK0Vrs
489,489,dpatemoredk,ZFpWH41AGB2
490,490,alaverenzdl,lGDVwY
491,491,nstuckeydm,BuXwGM
492,492,dcowgilldn,j8V4Fm0s4l
493,493,fjoslyndo,40pNJ8qUN
494,494,troscowdp,xfoaFyXi
495,495,kheffydq,NEY64rGKlv
496,496,brappdr,8dLvBWk
497,497,amacounds,6WsGmcC1Q
498,498,rmartignonidt,3HwW9ZTq
499,499,nlackeydu,K6xwrnH
500,500,daddisdv,tqSLCshqhMq
501,501,atoordw,WhQQmn
502,502,kreddochdx,Yzpu53j
503,503,prattdy,8r618OTjB
504,504,lmcphatedz,DNxJrUn
505,505,ebarendtsene0,2pyP9fl7XN2
506,506,ckaye1,7llLFlCgesd
507,507,mconerse2,3U5HulV
508,508,dbenere3,PrYOsCZZa
509,509,sbarocke4,LGqYu2
510,510,tveltene5,FOlSxok1IZPh
511,511,lwinwarde6,Z4C8sbCK
512,512,paldriche7,U1eU6FZ44
513,513,ndanilovitche8,p3PmbR4rMp
514,514,amidsone9,ze30Qd0l
515,515,amahoodea,U8MRAN
516,516,hcoulsoneb,3q1tFv7R
517,517,ofairbridgeec,ZYteij9s9dUU
518,518,bsanzioed,FhnVlmgflf
519,519,belsopee,tnM1Mcq
520,520,gfeelyef,JnvsYwlF
521,521,cmccroweg,n6LLQk9pN
522,522,cjacobsoneh,Xnn2p4SX
523,523,jrazzellei,tWYutGpco
524,524,cwadesworthej,UFXDEvky6t
525,525,imunginek,CHypC3
526,526,mpaddonel,VEuRxCz
527,527,ecuttsem,uY9aMid2f
528,528,rduddridgeen,5r8f4t
529,529,fgoldereo,POpjk1Wpm
530,530,aglasscoeep,Xsuqe9
531,531,cwoolhouseeq,6DxgSJaBQ
532,532,hlehrmanner,n9MkMQ5usu
533,533,mwhittenes,LxvnezaQw
534,534,bcavnoret,bqNFjXW
535,535,mramsiereu,ti8wkv
536,536,jstearleyev,n1LLcJz8pM
537,537,ooatsew,89X5dW
538,538,cmacallamex,7OTQ0HYxg
539,539,ftrowley,eNzB2Hr
540,540,astevaniez,IzSICaN
541,541,abollef0,CW63me
542,542,egeanyf1,z9gKAQoAA7h
543,543,acorgenvinf2,eUvNBm
544,544,srappf3,ASt2iv0Kn
545,545,gsaintepaulf4,A2ZHkkGQ
546,546,ldennittsf5,Re6Pdlok
547,547,omonnoyerf6,QGKMTz
548,548,mcarlettif7,lECHPe5ON16T
549,549,njodrellef8,HPgBCSO
550,550,rbeamsonf9,DKc1MeMZ7p
551,551,djegerfa,MSoCQPZDm1
552,552,sbulleynfb,GGP2Vh3zCM
553,553,fbindingfc,1FxH3yuO
554,554,lweightfd,fFOL7uEJ63v
555,555,kbenziesfe,yDmonQlACA
556,556,fdudsonff,4NfCtP2k
557,557,lganicleffg,6akWywJvr
558,558,rkimberlyfh,45AhxeeTy
559,559,gsedcolefi,sZuhhAbg
560,560,kcattermoulfj,PHZ4Um
561,561,edomoneyfk,r74MLB1
562,562,wbarizeretfl,LWYAYJIhHCBp
563,563,plampertifm,m10VLuTQ75
564,564,pjaeggifn,NAnNEjyvDNe
565,565,mthomassinfo,4wisnCS6
566,566,clyalfp,JFDcImTKjWLJ
567,567,cdulyfq,IbzaOv
568,568,aeiversfr,ioqXKo2jj0
569,569,vsimonitefs,SDZyURuZI
570,570,jaspallft,UrMHMftTuy
571,571,rdurberfu,GTFu03chd
572,572,nrangallfv,Wqa2f4e
573,573,ynannonifw,fl5Dz5CQai5
574,574,kmozzifx,i0F3l3As
575,575,staillardfy,utko2IhsBg
576,576,knethercottfz,yTNAUBO0C
577,577,asmileyg0,CqQCsVK9cA
578,578,knoyeg1,D8cIsYDUtn
579,579,nhaillg2,CzSJrdlWM57C
580,580,nrootg3,dbFmrId
581,581,bpurdyg4,t56C9d1K8
582,582,tbudgeg5,46J1bo
583,583,bcubbinog6,4sZQFoc3X4p
584,584,lcastelluccig7,yGc6xerXH
585,585,eszymaniakg8,W8xe1T7X69
586,586,bdargieg9,3U8ypTq3q8
587,587,bjouanotga,1gLq4oH
588,588,rhowshipgb,hx3zXN
589,589,ailivegc,6oVT4tt
590,590,mdankogd,B6vo2cM
591,591,vhansleyge,5bdnO0eQ
592,592,xlatheygf,iOlXXDKrZv
593,593,yslobomgg,TqGPRS1HC8iB
594,594,wbunsongh,q5bst9A
595,595,cseigniorgi,oCckODSUyq
596,596,jklosgesgj,YUSE4oj2
597,597,glaperegk,1LBwRWR
598,598,mpeironegl,VzbtCr1qOJii
599,599,krumblegm,Fn0wWBIAy
600,600,clategn,tqCWWRLcP
601,601,ccrampseygo,u0M3ZRgzQtpi
602,602,hbrachgp,9VnXEL
603,603,lwilcocksgq,M5tpUjmW
604,604,wdeenergr,4vxOMzZ
605,605,scarbertgs,YD9HYAC1
606,606,bgurdengt,p0zffZvxo8
607,607,cticegu,bt77kl5
608,608,rbraverygv,DoVveaEe
609,609,ewindybankgw,CBN4YZGicJc
610,610,malbonegx,25b0mTh
611,611,lellsgy,Kb0fqRaeFq
612,612,dpratengz,hapxZU
613,613,bkerfooth0,1AOsrXPm
614,614,mannatth1,RFrGDfaLDK7M
615,615,meaganh2,atzlgkf
616,616,sgriffitth3,ojftaD1Wn
617,617,ajohnseeh4,8QF3cxZr
618,618,bscarfh5,ipQQ6UU
619,619,btrembleh6,Wva72aB0y
620,620,gleworthyh7,hKjE0gYmyk
621,621,lmusselwhiteh8,cU2Kuh1yQIQ
622,622,bmantriph9,I0ytxvJ
623,623,egurneyha,kARXE5pC
624,624,cshovellhb,mgRZ0MWjZW
625,625,sgrundwaterhc,jutnU5
626,626,bcockleyhd,ueshAflr
627,627,sizchakihe,kZzBxmkQ
628,628,jjeavonhf,zegAKcef6
629,629,mkhanhg,UrIYWoYpFqeA
630,630,cwinchcombehh,mn08tR0EpsT
631,631,lleehi,nOPB9CruF8
632,632,hskotcherhj,Z5jWg9
633,633,eearpehk,WBGdLVS
634,634,mnettlehl,4CcjeZkTObP
635,635,ahogsdenhm,ABZCxshcFfdK
636,636,rgrigollihn,oxdoNhplltI
637,637,sbugbyho,tQActkXO1
638,638,cmcmillamhp,istG7gnpr
639,639,sfathershq,Woqfv6wYCR
640,640,gdruelhr,yWv9BP4H
641,641,rpritchetths,7XCvJM5oE
642,642,ltessingtonht,J2K0RBvV
643,643,cprinnehu,6m0HOk1
644,644,msketchhv,e5URgrQ1
645,645,dedwinsonhw,tQMhdQo
646,646,gstqueintainhx,oAxdPee7J
647,647,dgynnhy,ltWFbFex4
648,648,zstorahhz,IekW6cf
649,649,lallmanni0,osYoKhlc
650,650,fcowtherdi1,krwKdWmD5
651,651,whamneti2,nP0pEuVG
652,652,ngiraudyi3,0FZ9T6
653,653,rchrispi4,LMV93DgQJg
654,654,nleseki5,fmHG2r
655,655,aalvaresi6,AoDpKxGJ
656,656,hmcquarriei7,kGl9qMs3
657,657,gilchuki8,hsi7IM
658,658,aknilli9,CVo6OClD8
659,659,rhartnessia,Avq9g6LJaNh
660,660,eroubayib,ofOWSe
661,661,surridgeic,vqZWPb2i67r
662,662,yheersid,XJpS1zmHZ
663,663,lcroneyie,0Mwaw6niE
664,664,tdunniomif,kGuq5sn22
665,665,rloughranig,tRsKGG
666,666,ehavillih,NCgCdn9
667,667,bpetraccoii,DnewZaFU
668,668,dponteij,53twtYae
669,669,owyettik,4xticVQhs
670,670,mstonardil,Q3qFYGQ
671,671,rlaycockim,JqGfXGo
672,672,lborresin,pzTt5l1V
673,673,mduckerio,Guo3ZwSMOkzF
674,674,slowseleyip,zt9sykGN
675,675,hconachieiq,HHPztCXb
676,676,istiegarir,OlfaGH1
677,677,hshalloeis,vYY7ZnglQm7X
678,678,rgoneauit,OpLhT1jGCl
679,679,idiggiu,MnvOHfm
680,680,amccroryiv,8RlEZRtIIti3
681,681,gmosconiw,7VkgYKs
682,682,dmarmionix,UeXtTdrU3E
683,683,jcrosskelliy,zAHJsoN9T
684,684,hreadingiz,INHlKZHGWGOE
685,685,ssallowsj0,o0tSQb
686,686,tcostiganj1,8iHu1cqLOFn
687,687,dfidilisj2,EvS2K32
688,688,lwoodvinej3,1xNj1F
689,689,etallentj4,k1IevQHNhh
690,690,hkisbeyj5,hxxRBK6
691,691,mcadaganj6,oMCM6evsWpk
692,692,nmcturloughj7,MSnFjlIp0zU
693,693,ckitcattj8,jbiTW3x
694,694,ojanzj9,rZmVNH
695,695,opimleyja,kXUrc3ikh
696,696,mbagleyjb,yF9faUVaPDAg
697,697,mperllmanjc,nVbMWTaKQpu
698,698,oolenchenkojd,isBcbg
699,699,garchiboldje,FxP6GCIy
700,700,mbaudassijf,CTZO6nC
701,701,kmeffanjg,Q7Q3C05WI6RU
702,702,ncolejh,UHKhgbd9w
703,703,smcskeaganji,iWRXe3a5My
704,704,lbullarjj,Uj2X2nS
705,705,bdibnerjk,Il4f7RMIMrh
706,706,mjanssonjl,hq17y1WcmM
707,707,fbiskupskijm,Fh8gsa
708,708,hhalleybonejn,1wzcPEONSqRN
709,709,vscrannyjo,xlOHER
710,710,dcrookstonjp,THnSjMDV
711,711,ajessettjq,JBit5HxEM
712,712,gstiggerjr,JsT6c8iN
713,713,coakmanjs,i8QaJhTgL8lV
714,714,tbelhamjt,JwnTl5rD
715,715,wfairju,Nf98UXpe
716,716,bcaurahjv,Zj35s8qiyfjO
717,717,cwynterjw,2s88oErdUDto
718,718,cmapledorumjx,QgGZWggIlTT
719,719,etideyjy,7FAsevx
720,720,elenthalljz,M3IbT2n
721,721,nbynek0,EgiO69
722,722,adartnellk1,TwzT0kx6kl
723,723,nwattamk2,05zzQu6
724,724,ddandok3,kJSPpEiEV
725,725,ravramowk4,e57f7C1Mnn
726,726,kbeekek5,RIe7xIphDs2
727,727,dkirgank6,lf9mWqsbZF
728,728,droydonk7,5ZMEYvI
729,729,tfrondtk8,NvCHwP
730,730,dpylek9,ZoE3KS0dxx7
731,731,zsherlawka,Kmm0MQ
732,732,pabbisonkb,p60GgEIlgWM4
733,733,iglynnkc,9GIghY
734,734,rbeggikd,bTDNFda
735,735,primeke,wVJS96
736,736,tmullingerkf,qltXf3
737,737,uratchfordkg,qzB73pjeCt
738,738,mverdykh,lvvegNISmf
739,739,mbarokki,iwdDslCtXKs
740,740,lklosskj,mwDNEPWXnacx
741,741,hkleinhautkk,Jqq0udrfgri
742,742,cmckennankl,4eMApxH5gKIC
743,743,efirthkm,uQ0XNW8fI6
744,744,ecrillykn,jIf7UnXhPo
745,745,hhobbleko,YkqmLjYvc4Gq
746,746,igopsillkp,3SUnalRLfvPB
747,747,bmoxomkq,nQbTWxpO
748,748,womullallykr,2TFaIq
749,749,eaistonks,JTFP2UYsPz
750,750,aquinceekt,sZXhODyS
751,751,japflerku,ZSnq8tp1coce
752,752,dcabenakv,IrfhKJL
753,753,onetherwoodkw,tAUTNXAJ1
754,754,fbinleykx,sUE0pnsfEH
755,755,nsnyderky,uIDzDC
756,756,norielkz,ck2lx5b5q3H
757,757,tadamol0,gewIit7o
758,758,dduesterl1,DkI9LP
759,759,kdaggerl2,nqaCf5
760,760,cclerkl3,ln8XT3YOdTe
761,761,fgrenvillel4,AnRphH2IhWLQ
762,762,tgrigorescul5,mWYFH0nY
763,763,rdechelettel6,wZRl3V7n
764,764,ecalvenl7,tCD7dM4XDR
765,765,bgortonl8,qtpbjxlXB
766,766,rsackesl9,lHSX3eEBMURt
767,767,joshieldsla,R8iGMya4f4q2
768,768,tshucksmithlb,v2tYqXN9z
769,769,achadwenlc,pgi3Vd3xG
770,770,nrearield,j2yNn6Tb
771,771,dgarawayle,T6wtKReDA7eN
772,772,gfoucherlf,5RUDRf
773,773,fstiffkinslg,Jmws9f
774,774,kkidderlh,6RKII5PY1NdS
775,775,klangerenli,AAtQ0GP
776,776,ohoulistonlj,Wkgt1W1u
777,777,wlystlk,MR9FUke
778,778,wexterll,Fl6kNZ
779,779,babellalm,doS8O2QzVr
780,780,lstandenln,N5NHaQ8a
781,781,sgillinolo,0isKoi8SoQ
782,782,rseabrockelp,7JiOOAQ
783,783,bpettolq,h7SiRPxzrM
784,784,mstrognelllr,7vM7RJO
785,785,gpirronels,aFNbbfZGE
786,786,osergeauntlt,xgAUEN821
787,787,tsandeverlu,xmxBVj
788,788,mmoncarrlv,E1TlTat35
789,789,jmorfelllw,fOuQc9D
790,790,khendriksenlx,rT9TKMy1sB7
791,791,mliely,Fcd4k0
792,792,jgherardinilz,zJMHgU4bG
793,793,twitseym0,8dMYDde
794,794,ddalmonm1,Dx1sSJw
795,795,ichaisem2,II8xeR3lOp4
796,796,jpregalm3,lQht1T
797,797,kkitchinghanm4,boIi5o0oBsq
798,798,ihearnsm5,B44Gd7kwhX0
799,799,aletsonm6,UaCM71Gzvn
800,800,prizzolom7,pUzoFG
801,801,nhalwardm8,zjqfSy
802,802,dmcgrielem9,tly8DvqmQ
803,803,rwitcombma,ShRyvrts
804,804,ckrzyzaniakmb,1rqo4NSd
805,805,bsouthanmc,oWP3cnniA
806,806,pbalentynemd,FdzELEP
807,807,gkrochmannme,1xCO08M
808,808,jeasommf,W2m3rBpF7T
809,809,cwooffmg,cnuYX9Lu
810,810,pfoortmh,XypLyPK
811,811,rjellingsmi,zMjDKgzjRM
812,812,hdoyleymj,BEv3x0
813,813,schampkinsmk,K7dX9PfM
814,814,marnaudml,LpxECBw27E5
815,815,lzoanemm,kUzEZgT
816,816,vdupoymn,bnvicNYbK
817,817,rbaudymo,0Tr1ks4Yz
818,818,eberlingmp,73b2nD
819,819,vmeadusmq,S1vIlVne
820,820,nlinckemr,wGFXefkNkg
821,821,dpearchms,mBpun0Li
822,822,cklaaassenmt,FAW9cqzF5UmG
823,823,gduffilmu,3NQ0SDz2JMD
824,824,minglesemv,AxCJieEF9DK
825,825,wjarleymw,FnlOpfdu7zqH
826,826,eworsellmx,rvet60g
827,827,lfowliemy,9EGCEF
828,828,sbertotmz,snpQl07
829,829,rmoehlern0,DVk9Mtp
830,830,amaccurlyen1,dTKzqqIrLM4
831,831,avanderweedenburgn2,u8oADVFvpA23
832,832,abromehedn3,Dj2pec2
833,833,nwickien4,qfkvZNVF9
834,834,myven5,IuCtoIzsPEgb
835,835,bbiasottin6,KIHzf9WZk
836,836,gsissensn7,w10tBDz7yIp
837,837,sdunnn8,6I7pAXY
838,838,mwillougheyn9,aEZEYAb
839,839,oskyppena,rTvgFrfNzkkz
840,840,mdabornenb,2fuLNU
841,841,bmaclainenc,4oF8joT
842,842,msundinnd,OrEtCMj
843,843,bbestonne,SFaTKW1C
844,844,jwoolesnf,effqK3WSnM
845,845,gpennuzzing,UwTegrv1h15
846,846,jvanarsdallnh,kKJcVi
847,847,eclaqueni,Id6nfo
848,848,vhamsharnj,0F31sT8
849,849,gbraitlingnk,HAq2CZetuEYb
850,850,phaselynl,L24Dns
851,851,mguisbynm,JBgvLgP
852,852,rstrongmannn,hXaLMn8
853,853,ecrossinghamno,uotu3r9C
854,854,mtettnp,ke3Kn2
855,855,sskoughnq,OpSQVl
856,856,ocorteisnr,3HbxILbu
857,857,kgosnayns,sk85HKQ0
858,858,gsegeswoethnt,iSR4uRBLgg
859,859,asommerscalesnu,Q2hozkJ
860,860,zbourleynv,9fjTeN2jLlc
861,861,ymeehannw,CpNBK55cj
862,862,jjorenx,7NtKJbFeDG
863,863,mwhitbyny,kkpQ1D
864,864,ebittlesonnz,mZft76odzvhF
865,865,bevreuxo0,XMOzrM
866,866,tpacqueto1,r4wNdY6OG2
867,867,bhurdo2,HH3WneqQ7BP
868,868,edodridgeo3,yBj7RyKECf
869,869,rbenardeto4,8XV2H4QpL9r
870,870,mmerrieno5,kGLfkpvGo5
871,871,iknowleso6,SHTZrgT5c
872,872,ddumkeo7,S2TBajYZIIE
873,873,hbuglasso8,aYkTN2gUTvFm
874,874,urieflino9,9ALxWPIq
875,875,ralvaradooa,LSKsew
876,876,rtrustyob,IAwyG9h
877,877,jgreiswoodoc,qFXFlxlcK
878,878,rkeavesod,Pfwh69
879,879,ctorregianioe,pfJaBuXR
880,880,sdionisof,QRbEUdHXyI
881,881,bpursehouseog,xld8wonWx0a
882,882,cpeddieoh,gTtiC8Hhv
883,883,fmynettoi,BNCBQpR
884,884,crandleoj,uSNZ1vNheG
885,885,kgoulbourneok,UaP3gDMXyf
886,886,dizakol,PUxLWR4fJNB
887,887,fblesingom,zXKWU3XfDfY8
888,888,spaneon,LuKVuROjpMR0
889,889,gcostinoo,uYWNclZyDCTv
890,890,crasperop,susb67
891,891,stabboq,yYHZil0AnG
892,892,fbrasonor,Ye6JUvyp
893,893,pmiskinos,djo6NQ4
894,894,rmomeryot,lfqOoIsHY
895,895,lwixeyou,2axtmvxe9pGQ
896,896,vmollettov,b5Ml78
897,897,hjertzow,6Y6C2e2A8m
898,898,tsummerrellox,p3SkBHk3
899,899,mconewoy,qDd4gXP
900,900,mewinoz,4B3HfFmCD
901,901,tpurkinsp0,PQuCdVOuLDdw
902,902,lhallowesp1,JXjvRpo
903,903,bmcreidyp2,4EifjbS
904,904,fmactavishp3,AkRjDTGBl
905,905,psargentp4,bp7IfSvKhclB
906,906,cbulterp5,XSqIWfxoW
907,907,ytwaitsp6,lSnM3lof
908,908,gmulhollandp7,c3vw5R5Q
909,909,dskinleyp8,prtpBv3
910,910,bdyottp9,PGzOoW
911,911,rallertonpa,s8IPls
912,912,jwydpb,e6gAzpa7WAO
913,913,lbygreavespc,03HCsjM7G1
914,914,mlutherpd,xOrcIat
915,915,jnairnepe,MODTUi94tf1
916,916,lbeaumanpf,6MOGsoN
917,917,dhartiganpg,E8l4vd
918,918,srankmoreph,vsgH5hU
919,919,bdowgillpi,LV7uDtpRbM1m
920,920,rhilhousepj,pLkVyQRan
921,921,jcollingspk,8htBzEUeRSQQ
922,922,cwaddilovepl,DWUL6y4a
923,923,aarnotpm,YxdqRf
924,924,brobberechtpn,ngNLo6
925,925,awetherilpo,7rYD1N
926,926,rheseypp,Dl7XaL9Fa2h
927,927,fbursnollpq,W2pceNc9as
928,928,tmarquezpr,z84jKOAhPjfZ
929,929,uparradiceps,ogHFP0
930,930,elapsleypt,bbxCYqS7qsz8
931,931,nbuxampu,cknLvk9mk
932,932,pbeatenpv,X0TQOL5KD4Ep
933,933,uanstypw,5kY0NO
934,934,ocoldicottpx,oCc4dCfx
935,935,cpottpy,UcAoXi
936,936,dpiechepz,KRejxZ
937,937,ldandoq0,pqWlOaxTn27q
938,938,rheinemannq1,LGBX8X
939,939,qprazorq2,FgdhtiupkoK
940,940,abendeq3,1iNUwBezVCu
941,941,sbenckq4,kOIr9RZvIf
942,942,lgorussoq5,rlxxI6OBn
943,943,eluckwellq6,XHgneW
944,944,ktruckettq7,orxWrR
945,945,hkobielaq8,Pg06Kiudj
946,946,ltytcombq9,JxnlsmKqyO
947,947,ldepinnaqa,fNoYGHKt67G
948,948,jstannislawskiqb,tueshf5
949,949,tkraftqc,c2oYjUUT
950,950,kpaineqd,6gVX8tb
951,951,bmossomqe,KUue5q6mfA8a
952,952,cgatlinqf,Ys6Ekv6
953,953,jandreiaqg,6SieIaE3Mj
954,954,jpoverqh,lUgaZooxcK6
955,955,augoniqi,Kdu9X8
956,956,bbolliniqj,Bu1hS4ev
957,957,kdallistonqk,ecI8oE9rjc
958,958,hcahillaneql,1AdhtbUuTTtN
959,959,rstorrierqm,0P7Kq0
960,960,mnorthedgeqn,TUqN88
961,961,kbalsdonqo,eP9xJwr
962,962,lgillfordqp,mxE9mqgY
963,963,peberstqq,ypsrc2fHW3
964,964,mbrattenqr,UQZRHFm
965,965,sdurmanqs,hrep1K
966,966,lsobieskiqt,7VnrkG4pZ2f
967,967,wpendlingtonqu,SQj4XRCfDF
968,968,fphilqv,lTNaKg
969,969,aosheeqw,q3T3346pu
970,970,ccrisallqx,XcapxuEwXj
971,971,rstadenqy,YSk5kCs0
972,972,kbussettiqz,2thtMm
973,973,ccolquittr0,3iZ0I7
974,974,kcowopper1,fLCFESnM
975,975,kallisonr2,tfie6pHm4
976,976,dallseppr3,UEoHRPeo
977,977,mblazebyr4,CvwTnG8m5B
978,978,tmunbyr5,rSgONcO
979,979,rtollidayr6,qNMUF7F8T9
980,980,afossickr7,MHBwt4
981,981,anialsr8,0N9LGqjsG
982,982,wbadwickr9,sN0LN0LPCfyK
983,983,tarnattra,qzePngF
984,984,jbilbeyrb,l0G6FoS2s
985,985,pshimmanrc,EABVlb
986,986,cjohananovrd,VzEI2DxuYfl
987,987,kyeldhamre,sW5rovnYD
988,988,dclamperf,lxPAxgsM4QSq
989,989,mgrayshanrg,oEK1Gsz
990,990,ydrexelrh,c1ZqqddJ4
991,991,jartzri,Hy7j0pz
992,992,phaslockerj,wPC4ARaNlPxG
993,993,jhelksrk,stskPd
994,994,pudalerl,uERH1a
995,995,egoadbyrm,zTtKS4
996,996,wlonglandsrn,2Tg2McCNqoTW
997,997,gsibyllinaro,TjzKw6kviZU
998,998,wdopplerrp,MaG0byKLl
999,999,emugridgerq,HvfsiCzicH
1000,1000,mwinskillrr,CbqtbYS
