personal_id,first_name,last_name,gender,dob
1,Orsola,Connichie,F,1993/03/07
2,Ruthanne,Bunning,F,2001/08/08
3,Miltie,Karpinski,M,1997/03/11
4,Sadye,Wellbelove,F,2004/01/28
5,Allys,Batte,F,2005/05/08
6,Vidovic,Glasner,M,2003/07/21
7,Urbain,Janaway,M,1994/04/24
8,Catlee,Pods,F,2000/02/19
9,Markos,Cordeux,M,2003/09/11
10,Ilse,Denidge,F,2002/10/24
11,Corene,Barszczewski,F,1992/04/05
12,Esmeralda,Delhay,F,2002/03/15
13,Hyacinthia,Toun,F,1990/02/27
14,Janela,Lawly,F,2005/07/15
15,Burk,Liccardi,M,1991/02/07
16,Jeff,McCleary,M,2002/10/08
17,Arabele,De Marchi,F,1990/09/20
18,Kellen,McGlynn,M,1990/08/18
19,Van,Folliss,F,2005/12/20
20,Neddie,MacClay,M,2004/05/28
21,Buddy,Breinl,M,1992/09/29
22,Fax,Skeleton,M,1993/08/05
23,Bette-ann,Swine,F,2000/11/17
24,Josias,Pala,M,2002/10/13
25,Yancey,Raynham,M,2001/06/19
26,La verne,Megroff,F,2002/06/06
27,Brander,Dunseith,M,1992/10/03
28,Angel,Shadrach,F,1993/03/21
29,Bram,Geikie,M,2004/06/25
30,Cherida,Abbys,F,2002/04/03
31,Catharine,Groveham,F,1993/09/16
32,Tiff,Cordrey,F,2004/01/09
33,Nollie,Glover,M,1996/09/18
34,Felix,Hadlee,M,2000/12/30
35,Othella,Shilladay,F,1997/04/02
36,Abba,Tysall,M,1998/11/22
37,Abel,Dameisele,M,1993/03/02
38,Mohandas,Beadon,M,1994/06/13
39,Shandy,Sherrington,F,1990/12/07
40,Elmo,Sandiford,M,1993/10/25
41,Willard,Shapera,M,1997/05/14
42,Johan,Capelle,M,1993/01/27
43,Janessa,Oldridge,F,1996/08/06
44,Gwenny,Toope,F,2003/08/05
45,Emelina,Quinnell,F,2001/12/10
46,Zondra,Weiner,F,2004/09/16
47,Wandie,Bampkin,F,1990/07/10
48,Laurent,Wartnaby,M,2002/07/15
49,Mattias,Laval,M,1995/09/27
50,Dunn,Santarelli,M,1993/05/26
51,Gordie,Linebarger,M,2003/05/15
52,Teressa,Vassel,F,2000/12/10
53,Padget,Guilder,M,1997/11/25
54,Caitlin,Baynham,F,1992/06/15
55,Bil,Ginnally,M,1998/09/08
56,Darn,Trengove,M,1999/05/08
57,Bridgette,Kintish,F,2004/03/13
58,Dorthy,Gravenell,F,1997/10/30
59,Neile,Morshead,F,2003/12/07
60,Towny,Petken,M,2001/10/11
61,Finn,Sabey,M,1995/01/03
62,Harald,Boame,M,1994/11/23
63,Tiphanie,McIvor,F,1993/01/26
64,Melicent,Eslie,F,1991/11/22
65,Reagan,Kolis,M,1996/02/23
66,Dulcia,Larkkem,F,2001/09/11
67,Alden,Cansdale,M,1993/04/29
68,Sorcha,Robart,F,1990/08/19
69,Val,Isham,F,1995/10/17
70,Kenny,Jeffcoate,M,1995/05/11
71,Zebulen,Stebbin,M,1996/07/16
72,Jerrine,Furminger,F,1999/07/24
73,Hermie,Consterdine,M,1992/09/21
74,Raoul,Rabat,M,2000/06/16
75,Brady,Karim,M,2000/07/06
76,Maisey,Itzakovitz,F,1992/06/28
77,Gris,Stag,M,1993/11/26
78,Miguela,Mattussevich,F,1997/01/05
79,Camila,Ryding,F,2001/04/24
80,Aida,Lougheid,F,1999/01/10
81,Marlon,Bodycomb,M,2001/11/28
82,Felix,Annandale,M,1993/01/04
83,Rosalia,Chardin,F,1995/03/10
84,Julian,Maevela,M,1993/07/23
85,Doralynn,MacGiolla,F,2003/03/05
86,Zack,Earey,M,2004/07/11
87,Graeme,Crofthwaite,M,1992/06/15
88,Georgena,Brierly,F,2005/07/01
89,Zahara,Yaneev,F,2004/12/08
90,Ashlen,Huc,F,1993/11/01
91,Sharity,Farny,F,1996/11/13
92,Holden,Long,M,2004/03/19
93,Garland,Yerborn,F,2001/11/14
94,Carlo,Steckings,M,2003/11/22
95,Lu,Adanet,F,2003/11/12
96,Evy,Getcliff,F,2003/11/18
97,Norbie,Dudeney,M,1993/06/23
98,Kirby,Bachanski,F,2004/01/13
99,Fons,Gulland,M,2004/06/27
100,Claybourne,Storre,M,2001/05/18
101,Alfonse,Kid,M,1995/12/30
102,Alaster,Ekless,M,2005/09/18
103,Dosi,Blench,F,1997/09/21
104,Peadar,Moynihan,M,1999/07/28
105,Tristan,Cape,M,1995/12/11
106,Fidole,Brownlow,M,2003/05/26
107,Pincas,Castard,M,1990/10/31
108,Josey,Alan,F,1998/02/22
109,Xylia,Whytock,F,2004/03/01
110,Fernande,Marzelle,F,1992/08/17
111,Silvan,Petrushanko,M,2000/09/09
112,Estrellita,Golden,F,1997/10/22
113,Iseabal,Liggens,F,1993/01/31
114,Kevina,Ferrar,F,1995/02/01
115,Saw,Winscum,M,1990/07/19
116,Olimpia,Lauridsen,F,2004/04/15
117,Goober,McDell,M,2004/09/27
118,Krispin,Stubbins,M,1999/11/18
119,Catriona,Pargent,F,1997/11/16
120,Joel,Tenpenny,M,2001/10/16
121,Jacinda,Kittles,F,1997/09/13
122,Hiram,Gladeche,M,1996/03/15
123,Skipper,Labon,M,2005/06/22
124,Mortimer,Mason,M,1993/11/05
125,Giraldo,Maunder,M,1999/04/24
126,Othilia,Champkin,F,2005/11/04
127,Harlene,Hallows,F,2002/04/24
128,Grantley,Casse,M,1994/02/08
129,My,Matyasik,M,2000/11/18
130,Ollie,Scarasbrick,F,2002/02/04
131,Emmalee,Joost,F,2001/06/17
132,Terry,Bailes,F,1996/07/14
133,Lori,Shavel,F,2000/02/05
134,Felice,Madge,M,2004/07/26
135,Clevey,Williment,M,1994/07/07
136,Jamie,Gilbeart,F,1997/10/08
137,Lynette,Ziemecki,F,1993/04/10
138,Calla,Nevet,F,1996/07/29
139,Cori,Prenty,M,1993/04/01
140,Roberta,Neesam,F,2001/08/18
141,Lou,Grinvalds,F,1995/04/17
142,Alexis,Pau,F,1990/09/17
143,Friedrich,Sail,M,1998/02/25
144,Rosaline,Roelofs,F,2000/10/05
145,Clark,McCorkindale,M,1992/05/19
146,Maud,Henrique,F,1994/07/20
147,Electra,Kingsbury,F,1991/10/23
148,Jasen,Chataignier,M,1999/08/17
149,Vanni,Vynall,F,2001/03/14
150,Nari,Greader,F,2000/09/17
151,Gearard,Gerrelt,M,1994/06/08
152,Lucky,Pendleberry,F,2005/10/19
153,Hillery,Leffek,M,2001/11/19
154,Rolland,Stanning,M,1995/10/14
155,Charo,Tommen,F,2002/06/05
156,Alvera,Kimberly,F,1998/05/04
157,Wake,Spurrier,M,2003/09/03
158,Killie,Eastwell,M,2001/02/13
159,Levin,Manston,M,1994/06/24
160,Millisent,Rekes,F,1995/12/29
161,Kathye,Scoffham,F,1997/04/01
162,Tabitha,Fyndon,F,1996/08/04
163,Holly-anne,Domelaw,F,2002/11/11
164,Kalvin,Cheer,M,1998/09/06
165,Samaria,Mole,F,1998/01/28
166,Katha,Migheli,F,1991/09/03
167,Pierette,Moncarr,F,2001/08/11
168,Mirella,Haslewood,F,2001/07/10
169,Hailee,Mozzi,F,1991/10/10
170,Constantia,Klaassens,F,1993/10/25
171,Emily,Cowherd,F,2000/12/21
172,Lebbie,Hamor,F,1991/11/07
173,Nickolai,Aylmore,M,1994/02/21
174,Leeland,Loughhead,M,1995/12/31
175,Ulrica,Donke,F,1993/01/18
176,Trixy,Mockler,F,1999/06/28
177,Valerie,Gaiford,F,1995/08/14
178,Ginnie,Izakovitz,F,2004/12/27
179,Sindee,McVee,F,2003/05/14
180,Jessika,Dy,F,1999/03/03
181,Shep,Adolf,M,1991/09/15
182,Latrina,Hegg,F,1996/08/03
183,Arney,Gipp,M,2002/10/05
184,Bradly,Peealess,M,2003/11/26
185,Bryn,Pistol,M,1997/05/08
186,Kristan,Hamlington,F,2002/11/19
187,Jeremie,Willingham,M,2004/05/24
188,Fidelity,Kerwick,F,2004/01/19
189,Emanuele,Busst,M,1998/07/13
190,Nils,Hugnin,M,1993/10/14
191,Terri,Brayley,M,2004/12/09
192,Brianne,Rosenhaupt,F,1993/07/06
193,Nikolai,Whiskin,M,1990/06/16
194,Ronald,Sachno,M,1997/02/21
195,Clerkclaude,Hek,M,1999/03/04
196,Carlynn,Prestney,F,1994/12/18
197,Berget,Casero,F,1996/06/05
198,Ninon,Cheetam,F,1996/08/31
199,Keven,McVee,M,1997/04/02
200,Jasen,Swinnard,M,2002/06/16
201,Lyle,Shadwick,M,1995/01/10
202,Osbert,Coning,M,2003/11/26
203,Thomas,Probbings,M,1994/12/04
204,Derril,Blakeborough,M,2001/03/14
205,Terencio,Gallichiccio,M,2002/12/18
206,Garrott,Alesin,M,1997/07/08
207,Erhart,Thewlis,M,1991/08/28
208,Hubie,McLeese,M,1993/09/18
209,Mikel,Samber,M,2002/08/01
210,Malia,Laimable,F,2005/10/28
211,Maitilde,Charke,F,1997/02/15
212,Domingo,Crossley,M,1996/06/16
213,Lorry,Carlow,F,2001/10/27
214,Alberto,Feronet,M,2005/11/12
215,Mikey,Riepl,M,1995/08/21
216,Aldus,Brundale,M,2003/10/26
217,Elisha,Whittington,M,1998/08/18
218,Costa,Pedlow,M,1994/06/14
219,Meade,Fairhall,M,1993/03/13
220,Georgie,Sauvage,M,2002/04/16
221,Timmi,Laydel,F,2000/11/07
222,Fairfax,Crich,M,1991/08/25
223,Brigida,Yakhin,F,1996/08/24
224,Carleen,Renvoys,F,1996/11/16
225,Cleavland,Greensted,M,2000/05/30
226,Hubie,Fearneley,M,2004/02/05
227,Addi,Swindall,F,2000/01/20
228,Rod,Yankov,M,1991/06/02
229,Lazaro,Kerby,M,1999/10/26
230,Alane,Earwicker,F,1999/02/13
231,Diarmid,Ashby,M,2002/01/23
232,Hershel,Thomazet,M,1993/10/03
233,Ingunna,Muffin,F,1993/07/04
234,Enriqueta,Cassam,F,2002/03/13
235,Raddy,Treherne,M,1994/02/20
236,Lyssa,Sapp,F,2000/12/13
237,Roxy,Tugman,F,1992/01/22
238,Gabi,Cowthard,M,1994/11/02
239,Ronna,Clabburn,F,1997/06/04
240,Clerkclaude,Calbrathe,M,1993/01/22
241,Denis,Paridge,M,2001/07/16
242,Horatius,Spain-Gower,M,2005/06/13
243,Ricky,Broszkiewicz,F,1998/01/31
244,Donovan,Simmans,M,2002/11/04
245,Bentley,Grahame,M,2002/12/04
246,Claiborne,Huegett,M,1995/09/03
247,Jacynth,Charity,F,2000/07/11
248,Alisha,Filshin,F,1992/03/14
249,Mead,Mordon,M,2001/10/14
250,Burty,Joost,M,1996/07/04
251,Keir,Lorey,M,1999/08/30
252,Marysa,Buxey,F,1993/07/15
253,Frederico,Fryd,M,1999/03/20
254,Ferdinande,Brabban,F,2000/08/05
255,Peirce,Quilty,M,1994/10/26
256,Traci,Lealle,F,2004/09/05
257,Aymer,Viner,M,1994/09/26
258,Hilliard,Cristofolini,M,1992/03/09
259,Royce,Favey,M,2002/04/19
260,Florry,Lowry,F,1994/03/27
261,Wendi,Goard,F,2004/02/26
262,Bar,Saunter,M,2000/05/04
263,Karlan,Carolan,M,1990/11/17
264,Yorgos,Creeghan,M,2000/12/28
265,Babara,Loughhead,F,2003/07/01
266,Dannie,Klausewitz,M,2005/08/15
267,Skelly,Hamprecht,M,1990/03/06
268,Ugo,Boyles,M,2005/04/12
269,Erena,Hadgkiss,F,2001/03/23
270,Renata,Angerstein,F,1999/10/23
271,Wash,Cranage,M,1996/03/17
272,Kamilah,Measey,F,2005/11/27
273,Mahmud,Thickin,M,1994/11/11
274,Jozef,Rodenburgh,M,2002/12/13
275,Madeleine,Openshaw,F,1992/07/17
276,Mateo,Gwinnel,M,2003/01/30
277,Odelle,O'Duggan,F,2004/06/29
278,Libby,Geerling,F,1998/03/08
279,Jess,Klebes,M,1998/11/09
280,Vitoria,Alekhov,F,1990/10/05
281,Iago,Godby,M,2000/06/26
282,Cecil,Zeplin,F,2005/03/26
283,Aime,Mandrier,F,1990/08/05
284,Analise,Dudhill,F,2001/07/07
285,Haleigh,Goodinson,M,2000/09/26
286,Glyn,Jurzyk,F,1991/09/12
287,Griffin,Bierton,M,1994/05/23
288,Jessika,Dubery,F,2000/08/21
289,Rea,Rableau,F,2000/11/29
290,Locke,Threadkell,M,1995/09/30
291,Pammie,McCart,F,2004/12/12
292,Whit,Cawt,M,1997/07/22
293,Addi,Oulet,F,2002/05/21
294,Bobine,Coo,F,2000/08/03
295,Jae,Ginner,M,2004/05/25
296,Towny,Ranscombe,M,1995/11/08
297,Garrott,Clutton,M,1991/05/11
298,Mair,Maker,F,2005/02/21
299,Cortney,Stable,F,1998/10/26
300,Mair,Rosenqvist,F,1995/05/05
301,Ally,Pietzker,F,1996/03/03
302,Bernardo,Caddell,M,2000/10/24
303,Fonz,Maric,M,2001/01/08
304,Roosevelt,Herrero,M,1993/09/07
305,Calypso,Armes,F,1997/01/22
306,Reina,Cullin,F,2001/05/25
307,Serge,Brounfield,M,2000/02/28
308,Delcina,Alldis,F,1990/02/05
309,Daryl,Wye,M,1996/11/23
310,Arvy,Hunnam,M,1993/01/14
311,Gare,ffrench Beytagh,M,2005/09/08
312,Earl,Adams,M,2000/04/13
313,Merwin,Mackleden,M,1993/12/21
314,Phyllis,Falla,F,1997/03/30
315,Rey,Grafton,M,1990/07/07
316,Anthea,Beastall,F,1996/10/28
317,Devan,Moakes,F,2003/06/11
318,Harlen,Owbridge,M,1990/06/02
319,Hasheem,McIlreavy,M,2005/12/08
320,Augustus,Rapkins,M,1996/03/05
321,Howey,Jedrych,M,1999/12/08
322,Deanne,Biggam,F,1992/12/15
323,Chere,Dreelan,F,2002/08/06
324,Cchaddie,Coale,M,1997/01/02
325,Ardene,Varvara,F,2000/08/29
326,Stuart,Pollendine,M,1997/05/09
327,Milty,MacCarrick,M,2004/11/25
328,Kelsey,Poore,M,1994/02/05
329,Sullivan,Carberry,M,2005/09/04
330,Sky,Neads,M,1994/08/01
331,Vale,Skaife d'Ingerthorpe,M,1997/06/11
332,Nolana,Lapides,F,2001/05/28
333,Dolores,Hammond,F,2004/02/22
334,Ram,MacNish,M,1997/09/27
335,Constantino,Midford,M,2001/02/03
336,Andreas,Croad,M,1998/07/24
337,Ainsley,Aherne,F,1999/09/16
338,Andrej,Larver,M,2002/03/08
339,Emmey,Dwerryhouse,F,2004/10/30
340,Dunc,Connors,M,1999/11/16
341,Christos,Izhakov,M,1992/10/21
342,Cariotta,Josse,F,2003/12/21
343,Jarrad,Danzig,M,2001/07/02
344,Dionisio,Paulon,M,1994/01/01
345,Irene,Ciotto,F,2001/09/12
346,Loreen,Sawle,F,2001/06/28
347,Tedd,Kitcher,M,1997/03/09
348,Hube,Saltmarshe,M,1996/09/21
349,Carola,Johnson,F,2003/05/22
350,Alaric,Keat,M,1993/03/18
351,Gustav,De Goey,M,1996/04/10
352,Luciana,Doucette,F,2004/06/30
353,Rebbecca,Slora,F,2002/01/02
354,Cathrine,Stable,F,1999/01/22
355,Von,Mollett,M,2001/07/30
356,Gaspar,Thicking,M,2004/08/24
357,Benn,Dussy,M,2005/08/20
358,Culley,Chiswell,M,2003/12/21
359,Elvyn,Cawse,M,2000/07/23
360,Eleanor,Ebbotts,F,2005/10/02
361,Riva,Yu,F,2004/01/22
362,Forrest,Kohneke,M,2003/01/17
363,Jessie,Fisby,M,2001/03/17
364,Emmaline,Battrick,F,1991/01/09
365,Lonny,Le Gassick,M,2003/10/04
366,Rubina,Franzonello,F,1995/08/02
367,Waverly,Sansum,M,1996/11/25
368,Candice,Twinborough,F,1995/05/01
369,Jordan,Chaloner,F,1991/07/02
370,Emelyne,Strickland,F,2003/11/27
371,Scarlett,Zannetti,F,1993/10/29
372,Lionello,Bryson,M,1995/10/24
373,Germaine,Tolson,F,2004/12/01
374,Shawnee,Matveyev,F,2000/05/01
375,Aileen,Ragot,F,1993/04/23
376,Chan,Moland,M,1999/07/28
377,Talia,MacFadzean,F,2005/08/11
378,Adriena,Thame,F,2003/11/27
379,Sabra,Pedican,F,1998/12/16
380,Filmore,Storrock,M,1995/09/25
381,Leonore,Swiffen,F,1990/03/12
382,Jarid,MacGraith,M,2002/10/19
383,Ferguson,Sutcliff,M,1992/11/03
384,Tally,Doxey,M,1995/12/17
385,Giuditta,Gibbeson,F,1990/03/08
386,Levon,Glenny,M,1995/07/11
387,Catlin,Lehrahan,F,1995/12/14
388,Libbie,Briztman,F,1996/06/02
389,Shanan,Silberschatz,M,1994/07/23
390,Wynn,Neesam,F,1990/07/18
391,Vernor,Vanelli,M,2001/04/26
392,Nissa,Fruchter,F,2001/03/26
393,Konrad,Atcock,M,1998/08/20
394,Rockey,Rust,M,2000/01/27
395,Aura,Samet,F,1991/11/22
396,Adams,Neave,M,2005/07/01
397,Correy,Barlace,F,1995/05/25
398,Alford,Looney,M,2000/11/14
399,Baudoin,Balle,M,1990/04/13
400,Waylin,Kassman,M,1994/12/11
401,Melba,Saffle,F,2005/02/23
402,Willem,Reditt,M,1999/12/13
403,Hobart,Atwater,M,1993/03/14
404,Fanya,Village,F,2001/02/09
405,Patsy,Walewski,M,1994/07/26
406,Mendie,Purcell,M,1995/08/04
407,Micky,Beautyman,F,2004/01/22
408,Ringo,Madoc-Jones,M,1997/06/02
409,Ronna,Attryde,F,1994/06/29
410,Chandler,Doogue,M,1996/07/24
411,Eal,Tremathick,M,1991/03/21
412,Judon,Davidde,M,2000/05/19
413,Lanny,Jeannel,M,1991/08/05
414,Asa,Lynnett,M,1992/10/31
415,Coleman,Addy,M,1994/08/03
416,Richardo,Gentil,M,1996/01/15
417,Augustine,Brando,M,2005/07/14
418,Winfred,Arnull,M,1996/11/13
419,Fred,Marchiso,M,1990/03/04
420,Harwilll,Baszniak,M,1990/10/05
421,Jorry,McCloud,F,1996/11/27
422,Pris,Fipp,F,2003/05/19
423,Benedict,O'Deegan,M,2003/03/14
424,Pincus,Richly,M,1999/09/07
425,Adair,Rugg,M,2003/09/04
426,Jada,Keoghan,F,1997/09/12
427,Fonz,Hyett,M,1992/11/11
428,Thorn,Rubke,M,1993/10/19
429,Kariotta,Bestwall,F,2005/03/02
430,Bianca,Tuttiett,F,1999/07/13
431,Maurits,Veld,M,1992/09/24
432,Donna,Mollatt,F,2000/08/08
433,Sansone,Deekes,M,1990/09/19
434,Aldon,Riteley,M,2001/03/01
435,Erina,Merry,F,1990/09/28
436,Rowland,Elleton,M,1997/10/24
437,Jephthah,Rann,M,1994/05/26
438,Joseito,Leat,M,1997/01/16
439,Nate,Hoyte,M,2000/02/05
440,Roderic,Fewtrell,M,2003/10/27
441,Lloyd,Firidolfi,M,2005/05/16
442,Osborne,O'Cuddie,M,1990/12/19
443,Obie,Lukasen,M,2002/01/29
444,Clayson,Loos,M,1991/04/10
445,Kerrill,Churcher,F,1994/04/26
446,Sophronia,Cleynaert,F,1990/07/16
447,Homerus,Boatwright,M,1993/04/04
448,Eveleen,Gofford,F,1999/10/05
449,Merv,Johananoff,M,2002/01/15
450,Susie,Ambrosoli,F,1994/09/10
451,Denis,Skoate,M,1991/01/30
452,Fabio,Vondrach,M,2004/04/27
453,Carlita,Oxherd,F,1990/04/12
454,Luella,Meddick,F,2001/07/12
455,Langsdon,Camplejohn,M,1993/05/28
456,Minnie,Amorine,F,2005/04/08
457,Allistir,Hubbard,M,2005/03/07
458,Emlyn,Haseldine,M,1999/12/29
459,Meade,Fayers,F,1990/11/02
460,Leta,Balleine,F,1996/06/16
461,Manfred,Frankis,M,2005/07/27
462,Isabella,Pordall,F,1999/10/12
463,Mehetabel,Preon,F,2004/08/15
464,Lawton,Rudd,M,1991/01/13
465,Teriann,Wordesworth,F,1993/07/30
466,Carmela,Brinsford,F,1993/02/13
467,Merle,Kinghorn,F,1992/11/09
468,Harcourt,Smoote,M,1994/04/29
469,Bonnibelle,Godilington,F,1990/01/28
470,Georgy,Clucas,M,1995/07/02
471,Nehemiah,Posthill,M,1999/05/04
472,Jacques,Ashwood,M,1991/07/08
473,Hakim,Kochs,M,2004/01/07
474,Pascal,Stormont,M,1992/05/09
475,Evyn,Eustis,M,1994/02/11
476,Lucille,Kippins,F,1998/03/07
477,Isabelita,Timbs,F,1991/09/09
478,Kinsley,Carrel,M,2005/03/01
479,Arda,Smout,F,1999/03/23
480,Forester,Sallier,M,1992/08/13
481,Georgi,Cominello,M,1994/07/08
482,Carlene,Orta,F,1997/07/02
483,Ofella,Adds,F,1999/09/05
484,Boonie,Brendel,M,1994/05/06
485,Jose,Nerval,M,2002/01/11
486,Salvatore,Hagley,M,2004/12/27
487,Renato,Marcinkus,M,1995/06/16
488,Uriah,Chiplin,M,1993/02/18
489,Dynah,Dickie,F,2000/04/20
490,Lorie,Sydney,F,1994/11/29
491,Butch,Lippard,M,2005/01/03
492,Bud,Baume,M,1996/07/09
493,Chelsie,Brigginshaw,F,1990/04/03
494,Charlean,Bernardon,F,1994/12/24
495,Ryun,Manntschke,M,1997/06/27
496,Harold,Champkins,M,1998/05/31
497,Shoshanna,Bryceson,F,2002/02/27
498,Shannan,Pascho,M,1992/01/07
499,Lou,Truman,F,1995/02/05
500,Clotilda,McCool,F,2005/04/30
501,Sukey,Seage,F,1999/05/11
502,Heindrick,Kiljan,M,1999/03/22
503,Zechariah,Jennison,M,2002/10/21
504,Trever,Goldspink,M,1996/10/01
505,Hugh,Whitehurst,M,1993/04/02
506,Vivyanne,Looker,F,1990/09/10
507,Ozzy,Heinsius,M,2005/03/30
508,Kendrick,Dalrymple,M,2001/09/25
509,Dix,Bukowski,F,1992/05/19
510,Minerva,Toplis,F,2003/04/28
511,Irvine,Crinion,M,1998/01/19
512,Mikol,Haddick,M,2004/10/19
513,Thoma,Mouatt,M,2005/10/05
514,Maudie,Boyne,F,2000/09/21
515,Trenton,Kimpton,M,1993/07/22
516,Jenni,McGloin,F,2004/05/26
517,Deanne,Floodgate,F,2004/10/30
518,Ephraim,Vayne,M,1990/05/27
519,Laurens,Osgood,M,1993/04/17
520,Loren,Jenkinson,M,2001/07/19
521,Channa,Maidstone,F,1998/09/25
522,Currey,Fairpool,M,2004/07/29
523,Burnard,Winchcombe,M,1998/05/12
524,Drucill,Cadding,F,1998/09/04
525,Morna,Dumbar,F,1991/08/23
526,Tedie,Carlisle,M,1992/12/18
527,Neely,Snoddy,F,2000/06/16
528,Siusan,MacAndrew,F,1993/11/05
529,Pammi,Mulles,F,2002/02/20
530,Russ,Matignon,M,1991/11/22
531,Evangelia,Yurmanovev,F,1993/04/12
532,Victor,Drayn,M,1999/08/11
533,Dede,Meredyth,F,1995/01/26
534,Zandra,Pinnock,F,1997/07/15
535,Cori,Boyton,F,2002/07/05
536,Milt,Nyssen,M,1990/07/14
537,Ray,Du Plantier,M,1999/03/24
538,Denny,Doyle,M,1998/08/11
539,Mariya,Hassin,F,1992/12/08
540,Craig,Balsdone,M,2005/11/19
541,Neddy,Rowcliffe,M,2004/09/17
542,Em,Lenglet,M,2001/04/20
543,Lionello,Coneybeare,M,1995/01/07
544,Thorn,Hiner,M,1997/05/09
545,Vail,McPartlin,M,2002/08/05
546,Lindsey,Landy,F,1994/08/02
547,Dorris,Doumenc,F,1995/06/01
548,Rosie,Pedel,F,1992/08/13
549,Matthieu,Siflet,M,1992/01/01
550,Wynnie,MacCook,F,1991/09/19
551,Cosme,Pickburn,M,1996/01/23
552,Jacky,Pressey,M,2002/02/19
553,Millard,Poppleton,M,1999/04/26
554,Nancy,Sibyllina,F,1999/03/27
555,Andy,De Witt,M,1995/01/05
556,Binni,Gearty,F,1993/09/27
557,Ellswerth,Kinvan,M,1990/04/09
558,Currey,Coch,M,1992/11/06
559,Torrey,Canniffe,M,1997/11/08
560,Lorry,Benson,M,1999/04/01
561,Alfy,Hounson,F,1997/01/31
562,Corbin,Marple,M,2003/07/03
563,Sidonnie,Woolacott,F,2003/06/24
564,Anastasie,Sweetlove,F,1997/10/06
565,Pattie,Borman,F,1992/02/14
566,Maryann,Snuggs,F,1990/05/26
567,Aharon,Kersey,M,1995/11/26
568,Morissa,Gethen,F,2004/01/17
569,Sheppard,Gronou,M,1995/09/06
570,Sonja,Antonopoulos,F,1992/09/11
571,Gregor,Bosquet,M,2000/04/12
572,Baryram,Gligori,M,2004/02/27
573,Roldan,Player,M,1992/07/06
574,Randi,Niemiec,M,1995/01/06
575,Arline,Batey,F,2005/01/29
576,Bren,Sullens,M,1992/07/26
577,Boony,Bagehot,M,1996/08/07
578,Jolee,McGillivrie,F,2004/11/26
579,Stanislas,Andresen,M,1995/11/03
580,Mag,Node,F,2005/03/27
581,Car,Lockyer,M,2000/08/07
582,Karlyn,Coupman,F,1990/01/25
583,Nichol,McKirton,F,2005/08/17
584,Doug,Moyle,M,1991/08/24
585,Chere,Reede,F,1992/01/23
586,Chloe,Kamiyama,F,2003/04/27
587,Griff,Hartnup,M,1997/01/29
588,Demott,Readett,M,1990/02/22
589,Bengt,Laying,M,2002/08/16
590,Palm,Muckloe,M,1990/04/06
591,Retha,Somes,F,1997/01/26
592,Bonnee,Cram,F,2003/10/13
593,Tucker,Matyushkin,M,1999/04/08
594,Ettie,Shalcras,F,2001/12/27
595,Chrissie,Plante,F,2001/08/29
596,Shaylyn,MacGraith,F,1998/03/17
597,Margaret,Stroton,F,2002/05/23
598,Maryanne,Ruit,F,1999/05/01
599,Ring,Falck,M,1994/03/31
600,Cory,Lloyd-Williams,M,1998/11/29
601,Morton,Larcher,M,1996/11/25
602,Garland,Yakuntzov,F,2002/06/20
603,Hastie,Benoix,M,2000/05/24
604,Diego,Pietrowicz,M,1998/12/30
605,Bernardina,Pounds,F,2005/11/21
606,Hamil,Pol,M,1991/06/16
607,Duncan,Lesper,M,2002/09/01
608,Adel,Arnholdt,F,1990/04/22
609,Haily,Capitano,M,1993/04/04
610,Sarena,Janecki,F,1991/10/15
611,Willy,Petruszka,F,2005/05/10
612,Trent,Boyne,M,1992/06/28
613,Russell,Byram,M,2001/03/24
614,Anna,Piwall,F,1996/05/24
615,Lemar,Keates,M,1995/06/17
616,Benoite,Cescotti,F,1992/12/24
617,Elianora,Willder,F,2004/09/15
618,Monty,Daid,M,2005/09/01
619,Addison,Dany,M,2001/07/18
620,Susann,Waddell,F,2005/12/05
621,Gayelord,Meredyth,M,1997/03/17
622,Hillard,Aubin,M,1993/02/05
623,Sinclare,Fowles,M,2002/03/08
624,Lela,Ninnis,F,1997/03/28
625,Spenser,Bulter,M,1990/10/09
626,Marni,Skinley,F,1993/12/23
627,Karel,De Stoop,F,2004/12/14
628,Allayne,Kubacek,M,1997/04/02
629,Eberhard,Jeffels,M,1993/09/12
630,Torie,Pettis,F,2002/01/06
631,Raynor,Trewhitt,M,1996/08/03
632,Elaina,Bielfeldt,F,2003/11/15
633,Farley,Heavens,M,1992/09/02
634,Eben,Everingham,M,1991/04/26
635,Cahra,Erlam,F,1998/07/19
636,Hyacinthie,Cartner,F,1999/10/11
637,Nichole,Parysiak,M,1992/12/03
638,Carine,Oxbrow,F,2003/05/10
639,Mackenzie,Mechi,M,2005/08/20
640,Benedikta,Sackes,F,2001/11/30
641,Pepi,Hapke,F,1997/04/02
642,Gaylene,Allawy,F,1995/10/27
643,Rolph,Halcro,M,1997/03/13
644,Skipper,Cook,M,2002/09/09
645,Cosmo,Loft,M,1998/05/19
646,Ronny,Henzer,M,2002/11/28
647,Sofia,Dufoure,F,1991/11/18
648,Shelagh,Weymouth,F,1992/01/31
649,Winthrop,Reuben,M,1998/04/20
650,Merola,Billes,F,2005/03/24
651,Harmony,Sorel,F,1997/07/13
652,Betti,Domerq,F,2001/10/26
653,Kimberli,Blackah,F,2000/01/07
654,Rose,Poynor,F,1990/04/12
655,Giacobo,Molloy,M,1992/07/14
656,Padraic,Jiranek,M,1990/10/29
657,Margit,Finch,F,1997/09/08
658,Carly,Vaskov,M,1996/04/18
659,Zebulon,Gianulli,M,2001/01/05
660,Liz,Battrum,F,1999/01/14
661,Say,Kewzick,M,1994/07/29
662,Moss,Bale,M,2002/02/20
663,Elenore,Goolden,F,2004/06/27
664,Valida,Bernardeau,F,1991/05/02
665,Brewer,Torrijos,M,1992/02/05
666,Bret,Lapenna,M,2001/02/08
667,Marcel,Liles,M,1992/07/31
668,Zackariah,Massimi,M,1991/10/28
669,Alta,Glennard,F,2002/03/27
670,Don,Franciskiewicz,M,1998/07/03
671,Alfie,Smeal,M,2000/02/03
672,Ravi,Ridehalgh,M,2005/02/19
673,Rusty,Pouton,M,2001/07/10
674,Gradeigh,Merdew,M,2000/10/22
675,Huntington,Lovett,M,1990/12/03
676,Dru,Eouzan,F,1992/03/26
677,Claretta,Middlebrook,F,2004/08/15
678,Dillon,Jowling,M,1999/02/20
679,Ynez,Robuchon,F,2005/02/20
680,Humberto,Fright,M,2005/05/07
681,Reynolds,Lunn,M,2005/10/02
682,Georgina,Monson,F,1992/06/11
683,Sofie,Whifen,F,1991/03/30
684,Davy,Iltchev,M,1998/09/07
685,Sammy,Savatier,F,2002/06/06
686,Danny,Lifton,F,2000/11/06
687,Odille,Simkin,F,2005/12/30
688,Maurita,Mocher,F,1995/02/21
689,Shirley,Bunton,F,2001/09/16
690,Warner,Agass,M,1993/12/25
691,Zorana,Yakuntzov,F,2002/07/21
692,Stacee,Cotesford,F,1990/02/18
693,Audrey,Zelake,F,1998/10/01
694,Christiane,Sculley,F,1991/01/29
695,Anna-diana,Lancetter,F,2002/04/18
696,Martainn,Splevings,M,1991/07/16
697,Viva,Sapauton,F,2003/02/12
698,Sloan,Tout,M,2001/04/24
699,Moises,Arkcoll,M,1996/08/22
700,Gussie,Corneil,F,2004/04/06
701,Land,Lavell,M,1995/11/06
702,Brien,Dartnall,M,1996/04/16
703,Filmore,Crank,M,1994/01/06
704,Julissa,Symper,F,2001/06/06
705,Steward,Arzu,M,2004/07/26
706,Marcos,Storr,M,2001/08/04
707,Gwenneth,Pirie,F,2001/10/31
708,Alina,Jovicic,F,1994/09/17
709,Orrin,Tunstall,M,2000/12/14
710,Myles,Issakov,M,1996/09/09
711,Leia,Bothie,F,2004/08/04
712,Artus,Andryszczak,M,1991/01/29
713,Padraic,Brims,M,1992/01/08
714,Bordie,Vales,M,2005/01/03
715,Abbi,Shervil,F,2004/06/19
716,Sonny,Kirgan,F,1998/01/01
717,Rodrigo,Pendre,M,2000/07/25
718,Livia,Lowbridge,F,2002/07/29
719,Amos,McCann,M,1993/10/01
720,Brittney,Guterson,F,1993/11/04
721,Leisha,Sibborn,F,2000/11/29
722,Rosemaria,Kimmince,F,2001/04/03
723,Desiree,Langworthy,F,2002/05/09
724,Isidro,Baskett,M,2005/01/13
725,Caddric,Linfoot,M,1990/12/28
726,Theodosia,Allmark,F,1998/10/03
727,Herby,Petschel,M,1991/10/20
728,Dunn,Bompas,M,1990/08/03
729,Sylas,Twyning,M,2002/03/26
730,Nikolia,Guitt,F,1996/12/17
731,Lin,Leguey,M,1991/02/18
732,Inez,Blofeld,F,2004/02/23
733,Mareah,Fortye,F,1990/12/04
734,Judi,Snuggs,F,2002/01/17
735,Derek,Waud,M,2003/10/18
736,Rriocard,Beckinsall,M,2002/04/28
737,Nataniel,Simonini,M,1993/11/19
738,Cynde,Gartan,F,1995/06/02
739,Kerri,Alpin,F,2005/06/13
740,Paige,Matiashvili,M,1993/04/02
741,Maurita,Brushneen,F,2005/12/10
742,Viole,Hawgood,F,1992/09/19
743,Finley,Lafoy,M,2003/12/27
744,Reba,Soloway,F,1994/12/30
745,Rutledge,Thomen,M,2000/08/27
746,Clovis,Pairpoint,F,1995/10/23
747,Theo,Glascott,F,2002/12/19
748,Jonathan,Bozward,M,2005/11/04
749,Noam,Tampion,M,1993/02/17
750,Vania,Ridgwell,F,2004/02/22
751,Madlin,Binner,F,1999/10/15
752,Stanley,Natt,M,2002/02/10
753,Bertie,Simonite,M,1998/04/05
754,Zenia,Sawers,F,1995/06/26
755,Teodor,Abdy,M,1992/11/18
756,Zelma,Orritt,F,2002/09/19
757,Consalve,Huygens,M,2005/06/22
758,Cyrillus,Gong,M,1998/10/15
759,Adda,Elphinstone,F,2002/03/07
760,Delila,Kubera,F,2003/01/14
761,Abram,Warlawe,M,2004/08/04
762,Ignace,O'Fihily,M,1997/05/21
763,Rosemary,Jochens,F,1998/06/14
764,Harris,Hanvey,M,2003/05/25
765,Archaimbaud,Brezlaw,M,2001/07/24
766,Fletcher,MacTague,M,1999/01/24
767,Nealon,Rosini,M,1995/04/23
768,Ermengarde,Cadden,F,1995/03/26
769,Teddie,Sopp,M,1992/08/26
770,Nessy,Cherry,F,1996/06/30
771,Bibbie,Sattin,F,1993/03/04
772,Hasheem,Lorens,M,1996/12/07
773,Jodie,Bim,M,1993/07/05
774,Dione,Orrey,F,1995/07/28
775,Glen,Orring,F,1991/08/03
776,Bobbette,Olcot,F,2003/04/07
777,Danila,Agostini,F,2003/05/03
778,Arlen,Fley,F,2003/03/17
779,Benny,Benza,F,2003/04/19
780,Kipp,Brooksby,F,1990/04/19
781,Gibby,Wollen,M,1996/03/28
782,Kyle,Bartolomeo,M,1995/06/20
783,Flora,Yves,F,1991/06/09
784,Ree,Ashbolt,F,2000/10/20
785,Wright,Donald,M,2001/11/27
786,Wesley,McVity,M,1992/12/20
787,Harman,Bathowe,M,2002/02/17
788,Emile,Oxtarby,M,1991/05/13
789,Patricio,McMeekan,M,1995/05/29
790,Vilhelmina,Debill,F,1992/02/01
791,Bernadine,Astill,F,2003/10/22
792,Estrellita,Goodbanne,F,1991/12/25
793,Cele,Lopes,F,1996/08/08
794,Sophey,Scanlon,F,2003/08/24
795,Annette,Gilbard,F,1997/08/19
796,Roland,Newport,M,1993/06/11
797,Susanna,Johnston,F,1996/04/10
798,Brigham,Posselwhite,M,1996/07/22
799,Benoite,Prier,F,1991/11/06
800,Bamby,Bamlett,F,2005/09/18
801,Philbert,Sich,M,1990/01/21
802,Justin,Wallen,M,1994/06/03
803,Isiahi,Pues,M,1992/07/13
804,Daisy,Hamflett,F,2004/02/22
805,Janifer,Costy,F,1995/11/11
806,Corie,Buglar,F,1992/04/22
807,Catriona,Tuddall,F,1998/06/19
808,Sibeal,Vatcher,F,1995/09/14
809,Danice,Plowright,F,2002/04/11
810,Ina,Hymers,F,1991/12/20
811,Nell,Mixon,F,2005/12/04
812,Quintana,Clemmens,F,1990/08/02
813,Nara,Speere,F,1993/04/01
814,Roger,Jerg,M,1999/03/16
815,Fanchon,Applegate,F,2003/02/16
816,Courtney,Crutch,M,1991/11/18
817,Garey,Oiseau,M,2003/04/16
818,Erhart,Guihen,M,2003/09/08
819,Abran,Bromont,M,1993/12/05
820,Wayne,Dubarry,M,1995/12/20
821,Isadora,Snoxill,F,2000/05/29
822,Porter,Rospars,M,2004/06/21
823,Marlowe,Wynch,M,1994/07/05
824,Any,Harniman,M,1998/12/24
825,Bartholomew,Roderigo,M,2005/07/14
826,Ebba,Follett,F,1994/04/22
827,Mimi,Aughtie,F,1998/06/20
828,Myrtie,Clutten,F,1991/10/17
829,Woodie,Dally,M,1992/11/02
830,Lacey,Sallows,F,2004/04/03
831,Emelyne,Espinheira,F,1996/01/15
832,Celestyna,Wardingly,F,1998/04/23
833,Jayson,Ghion,M,1998/03/11
834,Sheree,Dossetter,F,2000/09/29
835,Alley,Ivanikhin,M,1997/10/02
836,Towny,Billows,M,1996/04/14
837,Lyndsay,Bazeley,F,1996/01/14
838,Rosana,Greenroad,F,1993/07/14
839,Thedrick,Iwanicki,M,1998/04/16
840,Rosalinda,Ballay,F,1997/09/15
841,Andris,Scarffe,M,1992/12/22
842,Aurelia,Collyear,F,1995/09/16
843,Dee,Gear,F,2004/05/27
844,Ferrel,Stinson,M,2001/07/31
845,Isador,Spink,M,1991/08/08
846,Gerard,Morales,M,2002/02/11
847,Pepi,Guillain,F,2004/05/05
848,Stillmann,Hearty,M,1996/11/12
849,Toinette,Sands-Allan,F,1995/03/28
850,Bobbie,Cloughton,M,1991/09/22
851,Martino,Roseburgh,M,1999/01/14
852,Adah,Alman,F,1992/02/02
853,Jeannette,Mithon,F,1997/08/09
854,Andy,Dennington,M,1990/07/25
855,Ilysa,Curson,F,2003/07/23
856,Morey,Taplow,M,2002/12/09
857,Hyacinth,Izakof,F,1996/08/09
858,Christine,Mullinder,F,1990/01/21
859,Land,MacCoughen,M,1990/06/01
860,Skipton,Clemon,M,1999/07/24
861,Lazare,Brendish,M,2003/07/17
862,Edi,Shackelton,F,1991/06/17
863,Sergeant,McGorman,M,1993/08/06
864,Phillida,Jearum,F,2000/12/12
865,Tadd,Osbidston,M,1993/11/11
866,Eleanor,Sellwood,F,1995/01/03
867,Marc,Balazot,M,2000/06/14
868,Shanan,Oldknowe,M,1992/01/13
869,Curcio,Fantham,M,1991/06/13
870,Cacilie,Coggin,F,1994/03/28
871,Nye,Huntly,M,1998/02/25
872,Juline,Sparshott,F,2000/02/11
873,Regina,Blasetti,F,1997/06/03
874,Rolf,Sowden,M,2003/05/24
875,Tracie,Darbyshire,M,1993/04/27
876,Delmer,Baldocci,M,1999/04/08
877,Geoffry,Havick,M,1994/10/23
878,Jehanna,Mathey,F,1994/02/28
879,Ignace,Strapp,M,1998/10/10
880,Wake,Donan,M,1999/07/23
881,Marvin,Long,M,1990/06/17
882,Olivie,Terbrug,F,1998/08/17
883,Tine,Feaveer,F,2000/09/27
884,Wilek,Struis,M,2000/06/19
885,Benny,Cuniam,F,2000/09/02
886,Orelie,Faire,F,1992/02/12
887,Brandi,Vanyatin,F,2001/11/22
888,Raimund,Castel,M,1994/05/17
889,Darb,Trethewey,M,2001/05/18
890,Fairleigh,Letty,M,1994/06/29
891,Simmonds,Girvin,M,1995/07/15
892,Evanne,Fantone,F,2000/10/19
893,Floyd,Bleby,M,2005/05/06
894,Dniren,Carneck,F,1991/03/07
895,Brannon,Tomovic,M,1996/08/31
896,Sax,Nimmo,M,2004/05/23
897,Ellie,Belsher,F,1992/09/08
898,Garrick,Mulgrew,M,2004/09/16
899,Calypso,Blackborow,F,1990/09/09
900,Alonso,Sowersby,M,1997/12/10
901,Breanne,Nevitt,F,2003/05/17
902,Jan,Killimister,F,1990/03/11
903,Athena,Schoular,F,1991/10/04
904,Agace,Leupoldt,F,2003/08/04
905,Caz,Emmens,M,2004/02/21
906,Gerardo,Giovannini,M,2005/07/13
907,Thibaud,Davidovitz,M,1996/01/26
908,Allis,Buncom,F,2001/05/04
909,Milt,Dunkerly,M,1995/03/12
910,Bette-ann,Domenici,F,1993/03/22
911,Raynor,Ecles,M,1995/12/23
912,Bridget,Lannon,F,1992/05/07
913,Alexine,Wylam,F,2002/02/20
914,Millicent,Pedler,F,2003/04/21
915,Kerby,Kidman,M,1998/09/24
916,Ashlan,McEwen,F,1999/12/06
917,Carlene,Malham,F,2001/05/01
918,Tony,Garrie,F,1993/01/16
919,Scarlett,Rides,F,2003/10/13
920,Cecelia,Alleway,F,1998/03/10
921,Nikolaos,Huggard,M,1998/07/07
922,Mac,Hinchcliffe,M,2000/03/15
923,Jena,Okie,F,2000/05/18
924,Clarabelle,Brunt,F,1993/09/16
925,Elfrida,Nancekivell,F,1994/12/21
926,Nil,Manns,M,1997/06/12
927,Yvor,Camp,M,1995/09/05
928,Standford,Masse,M,1992/09/25
929,Farley,Capel,M,2000/11/22
930,Teodora,Rosenbaum,F,2001/02/18
931,Catina,Bonwell,F,1990/04/02
932,Manolo,Chatelot,M,1994/03/04
933,Toiboid,Sleath,M,1996/04/15
934,Hermione,Faughnan,F,1992/12/29
935,Abbott,Lovett,M,1996/07/16
936,Solly,Tibbs,M,2003/10/29
937,Cooper,Mulholland,M,2005/02/01
938,Libbey,Stammers,F,2001/01/20
939,Tiphanie,Tampen,F,1998/05/14
940,Derrik,Loan,M,1991/06/17
941,Jarrid,Studde,M,2004/06/01
942,Abbey,Fouracres,F,1992/06/04
943,Viviana,Cattemull,F,2004/10/28
944,Galina,Hrinchishin,F,1996/10/21
945,Willdon,Brattan,M,2003/06/09
946,Alix,Treker,F,2002/08/19
947,Daisy,Bignall,F,2005/07/13
948,Hinze,Rable,M,1993/09/20
949,Stanford,Blunderfield,M,1992/10/25
950,Teressa,Conneely,F,1999/02/23
951,King,Curnock,M,1993/03/03
952,Mehetabel,Guillet,F,2000/03/22
953,Sawyer,Stanbury,M,2002/05/05
954,Sofie,Guttridge,F,1996/12/28
955,Loren,Dilworth,M,2003/05/17
956,Nefen,Glazier,M,1999/02/23
957,Arlette,Bugg,F,1998/07/26
958,Danita,Pfeffle,F,1998/06/23
959,Roddy,Van der Kruys,M,1992/12/20
960,Levey,Grewer,M,1999/03/30
961,Hobie,Stanion,M,1999/05/26
962,Felicia,Baitson,F,1993/09/06
963,Karlene,Tower,F,2002/03/15
964,Agnola,Reddle,F,1997/06/16
965,Kiley,Looney,F,1995/02/28
966,Junina,Nye,F,1991/02/14
967,Arnoldo,Tonsley,M,2002/01/08
968,Clemmie,Brunn,M,1991/07/18
969,Brok,Boyack,M,2004/08/30
970,Twyla,Thornally,F,2002/12/04
971,Sean,Hefforde,M,2005/11/05
972,Kathe,Raysdale,F,2004/02/14
973,Obadias,Rounsefull,M,1997/07/24
974,Vin,Storre,F,2005/06/29
975,Cass,Benoy,F,1999/03/29
976,Allayne,Merill,M,2000/08/25
977,Ethelda,Preskett,F,2001/07/17
978,Nichole,Blenkharn,M,2004/07/17
979,Erda,Life,F,1991/11/04
980,Monique,McCole,F,1992/09/07
981,Mitzi,Moran,F,1996/02/18
982,Garrett,Goodredge,M,1996/05/08
983,Jeannette,Jozefowicz,F,1991/07/26
984,Laughton,Flucker,M,1995/11/07
985,Francklyn,Syphus,M,1991/04/18
986,Gabriele,Denerley,M,2003/12/19
987,Yehudit,Ferson,M,1999/11/02
988,Garret,Attreed,M,1990/06/03
989,Caesar,de Tocqueville,M,2005/06/04
990,Sven,Fenning,M,2003/05/20
991,Cirilo,Penwell,M,1999/12/31
992,Shannen,Paraman,F,2003/08/21
993,Fidelio,Austing,M,2001/02/27
994,Sigvard,Kaaskooper,M,2000/11/08
995,Bennie,Kirwood,F,2000/09/08
996,Harrison,Heath,M,2003/07/09
997,Idelle,Bigglestone,F,1998/10/15
998,Fredrick,Janu,M,2002/04/15
999,Nicky,Nursey,M,1994/12/21
1000,Phil,Viveash,M,1994/05/27
